#
# There is insufficient memory for the Java Runtime Environment to continue.
# Native memory allocation (malloc) failed to allocate 1526096 bytes. Error detail: Chunk::new
# Possible reasons:
#   The system is out of physical RAM or swap space
#   This process is running with CompressedOops enabled, and the Java Heap may be blocking the growth of the native heap
# Possible solutions:
#   Reduce memory load on the system
#   Increase physical memory or swap space
#   Check if swap backing store is full
#   Decrease Java heap size (-Xmx/-Xms)
#   Decrease number of Java threads
#   Decrease Java thread stack sizes (-Xss)
#   Set larger code cache with -XX:ReservedCodeCacheSize=
#   JVM is running with Unscaled Compressed Oops mode in which the Java heap is
#     placed in the first 4GB address space. The Java Heap base address is the
#     maximum limit for the native heap growth. Please use -XX:HeapBaseMinAddress
#     to set the Java Heap base and to place the Java Heap above 4GB virtual address.
# This output file may be truncated or incomplete.
#
#  Out of Memory Error (arena.cpp:168), pid=30356, tid=28992
#
# JRE version: OpenJDK Runtime Environment (21.0.7) (build 21.0.7+-13880790-b1038.58)
# Java VM: OpenJDK 64-Bit Server VM (21.0.7+-13880790-b1038.58, mixed mode, tiered, compressed oops, compressed class ptrs, g1 gc, windows-amd64)
# No core dump will be written. Minidumps are not enabled by default on client versions of Windows
#

---------------  S U M M A R Y ------------

Command Line: --add-opens=java.base/java.lang=ALL-UNNAMED --add-opens=java.base/java.lang.invoke=ALL-UNNAMED --add-opens=java.base/java.util=ALL-UNNAMED --add-opens=java.prefs/java.util.prefs=ALL-UNNAMED --add-exports=jdk.compiler/com.sun.tools.javac.api=ALL-UNNAMED --add-exports=jdk.compiler/com.sun.tools.javac.util=ALL-UNNAMED --add-opens=java.base/java.util=ALL-UNNAMED --add-opens=java.prefs/java.util.prefs=ALL-UNNAMED --add-opens=java.base/java.nio.charset=ALL-UNNAMED --add-opens=java.base/java.net=ALL-UNNAMED --add-opens=java.base/java.util.concurrent.atomic=ALL-UNNAMED --add-opens=java.xml/javax.xml.namespace=ALL-UNNAMED -Xmx2048m -Dfile.encoding=UTF-8 -Duser.country=IN -Duser.language=en -Duser.variant -javaagent:C:\Users\Anshuman Singh\.gradle\wrapper\dists\gradle-8.13-bin\5xuhj0ry160q40clulazy9h7d\gradle-8.13\lib\agents\gradle-instrumentation-agent-8.13.jar org.gradle.launcher.daemon.bootstrap.GradleDaemon 8.13

Host: AMD Ryzen 5 5500U with Radeon Graphics         , 12 cores, 5G,  Windows 11 , 64 bit Build 26100 (10.0.26100.6725)
Time: Wed Oct  8 09:13:41 2025 India Standard Time elapsed time: 83.596153 seconds (0d 0h 1m 23s)

---------------  T H R E A D  ---------------

Current thread (0x0000020e99961c70):  JavaThread "C2 CompilerThread1" daemon [_thread_in_native, id=28992, stack(0x000000a705800000,0x000000a705900000) (1024K)]


Current CompileTask:
C2:83596 14844       4       java.lang.invoke.MethodHandleImpl::makePairwiseConvertByEditor (617 bytes)

Stack: [0x000000a705800000,0x000000a705900000]
Native frames: (J=compiled Java code, j=interpreted, Vv=VM code, C=native code)
V  [jvm.dll+0x6d25c9]
V  [jvm.dll+0x860923]
V  [jvm.dll+0x862e7e]
V  [jvm.dll+0x863563]
V  [jvm.dll+0x27f156]
V  [jvm.dll+0xc002d]
V  [jvm.dll+0xc0563]
V  [jvm.dll+0x3b6d01]
V  [jvm.dll+0x382c27]
V  [jvm.dll+0x38209a]
V  [jvm.dll+0x247e72]
V  [jvm.dll+0x247441]
V  [jvm.dll+0x1c5fb4]
V  [jvm.dll+0x256bac]
V  [jvm.dll+0x2550f6]
V  [jvm.dll+0x3f1d16]
V  [jvm.dll+0x808d08]
V  [jvm.dll+0x6d0e1d]
C  [ucrtbase.dll+0x37b0]
C  [KERNEL32.DLL+0x2e8d7]
C  [ntdll.dll+0x8c53c]


---------------  P R O C E S S  ---------------

Threads class SMR info:
_java_thread_list=0x0000020e9b3fe420, length=116, elements={
0x0000020ef9f969e0, 0x0000020e9804e9b0, 0x0000020e9805e650, 0x0000020e9805f0b0,
0x0000020e9805fc40, 0x0000020e980606a0, 0x0000020e98061100, 0x0000020e98080e20,
0x0000020e98082bc0, 0x0000020e98083660, 0x0000020e9834f7d0, 0x0000020e996fd070,
0x0000020e99f253d0, 0x0000020e99134820, 0x0000020e99d23c20, 0x0000020e99559440,
0x0000020e98493030, 0x0000020e984f5390, 0x0000020e99125ba0, 0x0000020e99127c70,
0x0000020e99126f50, 0x0000020e991275e0, 0x0000020e99124e80, 0x0000020e99128300,
0x0000020e99126230, 0x0000020e991268c0, 0x0000020e9bcd1dc0, 0x0000020e9bcd2450,
0x0000020e9bcd4520, 0x0000020e9bcd5240, 0x0000020e9bcd5f60, 0x0000020e9bcd3800,
0x0000020e9bcd65f0, 0x0000020e9bcd58d0, 0x0000020e9bcd3170, 0x0000020e9bcd7310,
0x0000020e9bcd3e90, 0x0000020e9bcd79a0, 0x0000020e9bcd8030, 0x0000020e9bcd86c0,
0x0000020e9bcd8d50, 0x0000020e9bcd93e0, 0x0000020e98eb8ec0, 0x0000020e98eb7480,
0x0000020e98eb7b10, 0x0000020e98ebaf90, 0x0000020e98eba270, 0x0000020e98eba900,
0x0000020e98eb8830, 0x0000020e98eb9550, 0x0000020e98ebb620, 0x0000020e98eb9be0,
0x0000020e98ebbcb0, 0x0000020e98ebdd80, 0x0000020e98ebc340, 0x0000020e98ebc9d0,
0x0000020e98ebeaa0, 0x0000020e98ebd060, 0x0000020e98ebd6f0, 0x0000020e9c10ed30,
0x0000020e9c10e010, 0x0000020e9c10e6a0, 0x0000020e9c10d980, 0x0000020e9c10f3c0,
0x0000020e9c10fa50, 0x0000020e9c1100e0, 0x0000020e9c110770, 0x0000020e9c10d2f0,
0x0000020e9c113560, 0x0000020e9c112ed0, 0x0000020e9c114280, 0x0000020e9c110e00,
0x0000020e9c114910, 0x0000020e9c111490, 0x0000020e9c113bf0, 0x0000020e9c111b20,
0x0000020e9c1121b0, 0x0000020e9c112840, 0x0000020e9a894f40, 0x0000020e9a893500,
0x0000020e9a8955d0, 0x0000020e9a894220, 0x0000020e9a895c60, 0x0000020e9a893b90,
0x0000020e9a8948b0, 0x0000020e9a8983c0, 0x0000020e9a899770, 0x0000020e9a897010,
0x0000020e9a896980, 0x0000020e9a22dda0, 0x0000020ea412ff20, 0x0000020e99961c70,
0x0000020ea41312d0, 0x0000020ea412de50, 0x0000020ea4131ff0, 0x0000020ea4132680,
0x0000020ea4131960, 0x0000020ea4132d10, 0x0000020ea41333a0, 0x0000020ea4133a30,
0x0000020ea41340c0, 0x0000020ea4134750, 0x0000020e9d9ae1f0, 0x0000020e9d9aef10,
0x0000020e9d9af5a0, 0x0000020e9d9afc30, 0x0000020e9d9b02c0, 0x0000020e9d9ace40,
0x0000020e9d9b2390, 0x0000020e9d9b1d00, 0x0000020e9d9b1670, 0x0000020e9d9b0950,
0x0000020e9d9b30b0, 0x0000020e9d9b3740, 0x0000020ea3a83970, 0x0000020e99962340
}

Java Threads: ( => current thread )
  0x0000020ef9f969e0 JavaThread "main"                              [_thread_blocked, id=33528, stack(0x000000a77e800000,0x000000a77e900000) (1024K)]
  0x0000020e9804e9b0 JavaThread "Common-Cleaner"             daemon [_thread_blocked, id=30896, stack(0x000000a77f000000,0x000000a77f100000) (1024K)]
  0x0000020e9805e650 JavaThread "Reference Handler"          daemon [_thread_blocked, id=14876, stack(0x000000a77f100000,0x000000a77f200000) (1024K)]
  0x0000020e9805f0b0 JavaThread "Finalizer"                  daemon [_thread_blocked, id=9096, stack(0x000000a77f200000,0x000000a77f300000) (1024K)]
  0x0000020e9805fc40 JavaThread "Signal Dispatcher"          daemon [_thread_blocked, id=10836, stack(0x000000a77f300000,0x000000a77f400000) (1024K)]
  0x0000020e980606a0 JavaThread "Attach Listener"            daemon [_thread_blocked, id=8700, stack(0x000000a77f400000,0x000000a77f500000) (1024K)]
  0x0000020e98061100 JavaThread "Service Thread"             daemon [_thread_blocked, id=33280, stack(0x000000a77f500000,0x000000a77f600000) (1024K)]
  0x0000020e98080e20 JavaThread "Monitor Deflation Thread"   daemon [_thread_blocked, id=33976, stack(0x000000a77f600000,0x000000a77f700000) (1024K)]
  0x0000020e98082bc0 JavaThread "C2 CompilerThread0"         daemon [_thread_in_native, id=22332, stack(0x000000a77f700000,0x000000a77f800000) (1024K)]
  0x0000020e98083660 JavaThread "C1 CompilerThread0"         daemon [_thread_blocked, id=7772, stack(0x000000a77f800000,0x000000a77f900000) (1024K)]
  0x0000020e9834f7d0 JavaThread "Notification Thread"        daemon [_thread_blocked, id=22592, stack(0x000000a77f900000,0x000000a77fa00000) (1024K)]
  0x0000020e996fd070 JavaThread "Daemon health stats"               [_thread_blocked, id=15672, stack(0x000000a77fe00000,0x000000a77ff00000) (1024K)]
  0x0000020e99f253d0 JavaThread "Incoming local TCP Connector on port 61138"        [_thread_in_native, id=34000, stack(0x000000a77ff00000,0x000000a780000000) (1024K)]
  0x0000020e99134820 JavaThread "Daemon periodic checks"            [_thread_blocked, id=23372, stack(0x000000a700000000,0x000000a700100000) (1024K)]
  0x0000020e99d23c20 JavaThread "Daemon"                            [_thread_blocked, id=28468, stack(0x000000a700100000,0x000000a700200000) (1024K)]
  0x0000020e99559440 JavaThread "Handler for socket connection from /127.0.0.1:61138 to /127.0.0.1:61139"        [_thread_in_native, id=26048, stack(0x000000a700200000,0x000000a700300000) (1024K)]
  0x0000020e98493030 JavaThread "Cancel handler"                    [_thread_blocked, id=26820, stack(0x000000a700300000,0x000000a700400000) (1024K)]
  0x0000020e984f5390 JavaThread "Daemon worker"                     [_thread_in_Java, id=34404, stack(0x000000a700400000,0x000000a700500000) (1024K)]
  0x0000020e99125ba0 JavaThread "Asynchronous log dispatcher for DefaultDaemonConnection: socket connection from /127.0.0.1:61138 to /127.0.0.1:61139"        [_thread_blocked, id=16100, stack(0x000000a700500000,0x000000a700600000) (1024K)]
  0x0000020e99127c70 JavaThread "Stdin handler"                     [_thread_blocked, id=13952, stack(0x000000a700600000,0x000000a700700000) (1024K)]
  0x0000020e99126f50 JavaThread "Daemon client event forwarder"        [_thread_blocked, id=30968, stack(0x000000a700700000,0x000000a700800000) (1024K)]
  0x0000020e991275e0 JavaThread "Cache worker for journal cache (C:\Users\Anshuman Singh\.gradle\caches\journal-1)"        [_thread_blocked, id=8488, stack(0x000000a700f00000,0x000000a701000000) (1024K)]
  0x0000020e99124e80 JavaThread "File lock request listener"        [_thread_in_native, id=3408, stack(0x000000a701000000,0x000000a701100000) (1024K)]
  0x0000020e99128300 JavaThread "Cache worker for file hash cache (C:\Users\Anshuman Singh\.gradle\caches\8.13\fileHashes)"        [_thread_blocked, id=14760, stack(0x000000a701100000,0x000000a701200000) (1024K)]
  0x0000020e99126230 JavaThread "Cache worker for file hash cache (C:\Users\Anshuman Singh\AndroidStudioProjects\DocAI\.gradle\8.13\fileHashes)"        [_thread_blocked, id=30240, stack(0x000000a701200000,0x000000a701300000) (1024K)]
  0x0000020e991268c0 JavaThread "Cache worker for checksums cache (C:\Users\Anshuman Singh\AndroidStudioProjects\DocAI\.gradle\8.13\checksums)"        [_thread_blocked, id=30948, stack(0x000000a701300000,0x000000a701400000) (1024K)]
  0x0000020e9bcd1dc0 JavaThread "Cache worker for Build Output Cleanup Cache (C:\Users\Anshuman Singh\AndroidStudioProjects\DocAI\.gradle\buildOutputCleanup)"        [_thread_blocked, id=31404, stack(0x000000a701400000,0x000000a701500000) (1024K)]
  0x0000020e9bcd2450 JavaThread "Cache worker for file content cache (C:\Users\Anshuman Singh\.gradle\caches\8.13\fileContent)"        [_thread_blocked, id=19268, stack(0x000000a701500000,0x000000a701600000) (1024K)]
  0x0000020e9bcd4520 JavaThread "File watcher server"        daemon [_thread_in_native, id=34272, stack(0x000000a701600000,0x000000a701700000) (1024K)]
  0x0000020e9bcd5240 JavaThread "File watcher consumer"      daemon [_thread_blocked, id=31416, stack(0x000000a701700000,0x000000a701800000) (1024K)]
  0x0000020e9bcd5f60 JavaThread "jar transforms"                    [_thread_blocked, id=12980, stack(0x000000a701800000,0x000000a701900000) (1024K)]
  0x0000020e9bcd3800 JavaThread "jar transforms Thread 2"           [_thread_blocked, id=22452, stack(0x000000a701900000,0x000000a701a00000) (1024K)]
  0x0000020e9bcd65f0 JavaThread "jar transforms Thread 3"           [_thread_blocked, id=19756, stack(0x000000a701a00000,0x000000a701b00000) (1024K)]
  0x0000020e9bcd58d0 JavaThread "Cache worker for cache directory md-supplier (C:\Users\Anshuman Singh\.gradle\caches\8.13\md-supplier)"        [_thread_blocked, id=6956, stack(0x000000a701b00000,0x000000a701c00000) (1024K)]
  0x0000020e9bcd3170 JavaThread "Cache worker for cache directory md-rule (C:\Users\Anshuman Singh\.gradle\caches\8.13\md-rule)"        [_thread_blocked, id=27824, stack(0x000000a701c00000,0x000000a701d00000) (1024K)]
  0x0000020e9bcd7310 JavaThread "Unconstrained build operations"        [_thread_blocked, id=12144, stack(0x000000a701d00000,0x000000a701e00000) (1024K)]
  0x0000020e9bcd3e90 JavaThread "Unconstrained build operations Thread 2"        [_thread_blocked, id=16836, stack(0x000000a701e00000,0x000000a701f00000) (1024K)]
  0x0000020e9bcd79a0 JavaThread "Unconstrained build operations Thread 3"        [_thread_blocked, id=11032, stack(0x000000a701f00000,0x000000a702000000) (1024K)]
  0x0000020e9bcd8030 JavaThread "Unconstrained build operations Thread 4"        [_thread_blocked, id=33060, stack(0x000000a702000000,0x000000a702100000) (1024K)]
  0x0000020e9bcd86c0 JavaThread "Unconstrained build operations Thread 5"        [_thread_blocked, id=33672, stack(0x000000a702100000,0x000000a702200000) (1024K)]
  0x0000020e9bcd8d50 JavaThread "Unconstrained build operations Thread 6"        [_thread_blocked, id=31376, stack(0x000000a702200000,0x000000a702300000) (1024K)]
  0x0000020e9bcd93e0 JavaThread "Unconstrained build operations Thread 7"        [_thread_blocked, id=6072, stack(0x000000a702300000,0x000000a702400000) (1024K)]
  0x0000020e98eb8ec0 JavaThread "Unconstrained build operations Thread 8"        [_thread_blocked, id=32148, stack(0x000000a702400000,0x000000a702500000) (1024K)]
  0x0000020e98eb7480 JavaThread "jar transforms Thread 4"           [_thread_blocked, id=17000, stack(0x000000a702500000,0x000000a702600000) (1024K)]
  0x0000020e98eb7b10 JavaThread "jar transforms Thread 5"           [_thread_blocked, id=21360, stack(0x000000a702600000,0x000000a702700000) (1024K)]
  0x0000020e98ebaf90 JavaThread "Unconstrained build operations Thread 9"        [_thread_blocked, id=14792, stack(0x000000a702700000,0x000000a702800000) (1024K)]
  0x0000020e98eba270 JavaThread "Unconstrained build operations Thread 10"        [_thread_blocked, id=8188, stack(0x000000a702800000,0x000000a702900000) (1024K)]
  0x0000020e98eba900 JavaThread "Unconstrained build operations Thread 11"        [_thread_blocked, id=31468, stack(0x000000a702900000,0x000000a702a00000) (1024K)]
  0x0000020e98eb8830 JavaThread "Unconstrained build operations Thread 12"        [_thread_blocked, id=18488, stack(0x000000a702a00000,0x000000a702b00000) (1024K)]
  0x0000020e98eb9550 JavaThread "jar transforms Thread 6"           [_thread_blocked, id=31768, stack(0x000000a702b00000,0x000000a702c00000) (1024K)]
  0x0000020e98ebb620 JavaThread "jar transforms Thread 7"           [_thread_blocked, id=18340, stack(0x000000a702c00000,0x000000a702d00000) (1024K)]
  0x0000020e98eb9be0 JavaThread "jar transforms Thread 8"           [_thread_blocked, id=252, stack(0x000000a702d00000,0x000000a702e00000) (1024K)]
  0x0000020e98ebbcb0 JavaThread "Configuration cache report writer"        [_thread_blocked, id=4352, stack(0x000000a702e00000,0x000000a702f00000) (1024K)]
  0x0000020e98ebdd80 JavaThread "Unconstrained build operations Thread 13"        [_thread_blocked, id=11164, stack(0x000000a702f00000,0x000000a703000000) (1024K)]
  0x0000020e98ebc340 JavaThread "Unconstrained build operations Thread 14"        [_thread_blocked, id=34652, stack(0x000000a703100000,0x000000a703200000) (1024K)]
  0x0000020e98ebc9d0 JavaThread "Unconstrained build operations Thread 15"        [_thread_blocked, id=6252, stack(0x000000a703200000,0x000000a703300000) (1024K)]
  0x0000020e98ebeaa0 JavaThread "Unconstrained build operations Thread 16"        [_thread_blocked, id=28292, stack(0x000000a703300000,0x000000a703400000) (1024K)]
  0x0000020e98ebd060 JavaThread "Unconstrained build operations Thread 17"        [_thread_blocked, id=28936, stack(0x000000a703400000,0x000000a703500000) (1024K)]
  0x0000020e98ebd6f0 JavaThread "Unconstrained build operations Thread 18"        [_thread_blocked, id=34168, stack(0x000000a703500000,0x000000a703600000) (1024K)]
  0x0000020e9c10ed30 JavaThread "Unconstrained build operations Thread 19"        [_thread_blocked, id=31664, stack(0x000000a703600000,0x000000a703700000) (1024K)]
  0x0000020e9c10e010 JavaThread "Unconstrained build operations Thread 20"        [_thread_blocked, id=24992, stack(0x000000a703700000,0x000000a703800000) (1024K)]
  0x0000020e9c10e6a0 JavaThread "Unconstrained build operations Thread 21"        [_thread_blocked, id=26200, stack(0x000000a703800000,0x000000a703900000) (1024K)]
  0x0000020e9c10d980 JavaThread "Unconstrained build operations Thread 22"        [_thread_blocked, id=25724, stack(0x000000a703900000,0x000000a703a00000) (1024K)]
  0x0000020e9c10f3c0 JavaThread "Unconstrained build operations Thread 23"        [_thread_blocked, id=15648, stack(0x000000a703a00000,0x000000a703b00000) (1024K)]
  0x0000020e9c10fa50 JavaThread "Unconstrained build operations Thread 24"        [_thread_blocked, id=25932, stack(0x000000a703b00000,0x000000a703c00000) (1024K)]
  0x0000020e9c1100e0 JavaThread "Unconstrained build operations Thread 25"        [_thread_blocked, id=7904, stack(0x000000a703c00000,0x000000a703d00000) (1024K)]
  0x0000020e9c110770 JavaThread "Unconstrained build operations Thread 26"        [_thread_blocked, id=13540, stack(0x000000a703d00000,0x000000a703e00000) (1024K)]
  0x0000020e9c10d2f0 JavaThread "Unconstrained build operations Thread 27"        [_thread_blocked, id=22500, stack(0x000000a703e00000,0x000000a703f00000) (1024K)]
  0x0000020e9c113560 JavaThread "Unconstrained build operations Thread 28"        [_thread_blocked, id=24500, stack(0x000000a703f00000,0x000000a704000000) (1024K)]
  0x0000020e9c112ed0 JavaThread "Unconstrained build operations Thread 29"        [_thread_blocked, id=15568, stack(0x000000a704000000,0x000000a704100000) (1024K)]
  0x0000020e9c114280 JavaThread "Unconstrained build operations Thread 30"        [_thread_blocked, id=15736, stack(0x000000a704100000,0x000000a704200000) (1024K)]
  0x0000020e9c110e00 JavaThread "Unconstrained build operations Thread 31"        [_thread_blocked, id=11936, stack(0x000000a704200000,0x000000a704300000) (1024K)]
  0x0000020e9c114910 JavaThread "Unconstrained build operations Thread 32"        [_thread_blocked, id=11000, stack(0x000000a704300000,0x000000a704400000) (1024K)]
  0x0000020e9c111490 JavaThread "Unconstrained build operations Thread 33"        [_thread_blocked, id=28856, stack(0x000000a704400000,0x000000a704500000) (1024K)]
  0x0000020e9c113bf0 JavaThread "Unconstrained build operations Thread 34"        [_thread_blocked, id=18840, stack(0x000000a704500000,0x000000a704600000) (1024K)]
  0x0000020e9c111b20 JavaThread "Unconstrained build operations Thread 35"        [_thread_blocked, id=15152, stack(0x000000a704700000,0x000000a704800000) (1024K)]
  0x0000020e9c1121b0 JavaThread "Unconstrained build operations Thread 36"        [_thread_blocked, id=25824, stack(0x000000a704800000,0x000000a704900000) (1024K)]
  0x0000020e9c112840 JavaThread "Unconstrained build operations Thread 37"        [_thread_blocked, id=10720, stack(0x000000a704900000,0x000000a704a00000) (1024K)]
  0x0000020e9a894f40 JavaThread "Unconstrained build operations Thread 38"        [_thread_blocked, id=34004, stack(0x000000a704a00000,0x000000a704b00000) (1024K)]
  0x0000020e9a893500 JavaThread "Unconstrained build operations Thread 39"        [_thread_blocked, id=33732, stack(0x000000a704b00000,0x000000a704c00000) (1024K)]
  0x0000020e9a8955d0 JavaThread "Unconstrained build operations Thread 40"        [_thread_blocked, id=6536, stack(0x000000a704c00000,0x000000a704d00000) (1024K)]
  0x0000020e9a894220 JavaThread "Unconstrained build operations Thread 41"        [_thread_blocked, id=31104, stack(0x000000a704d00000,0x000000a704e00000) (1024K)]
  0x0000020e9a895c60 JavaThread "Unconstrained build operations Thread 42"        [_thread_blocked, id=15168, stack(0x000000a704e00000,0x000000a704f00000) (1024K)]
  0x0000020e9a893b90 JavaThread "Unconstrained build operations Thread 43"        [_thread_blocked, id=26148, stack(0x000000a704f00000,0x000000a705000000) (1024K)]
  0x0000020e9a8948b0 JavaThread "Unconstrained build operations Thread 44"        [_thread_blocked, id=11684, stack(0x000000a705000000,0x000000a705100000) (1024K)]
  0x0000020e9a8983c0 JavaThread "Unconstrained build operations Thread 45"        [_thread_blocked, id=27556, stack(0x000000a705100000,0x000000a705200000) (1024K)]
  0x0000020e9a899770 JavaThread "build event listener"              [_thread_blocked, id=24880, stack(0x000000a705300000,0x000000a705400000) (1024K)]
  0x0000020e9a897010 JavaThread "Memory manager"                    [_thread_blocked, id=23148, stack(0x000000a704600000,0x000000a704700000) (1024K)]
  0x0000020e9a896980 JavaThread "build event listener"              [_thread_blocked, id=24824, stack(0x000000a705400000,0x000000a705500000) (1024K)]
  0x0000020e9a22dda0 JavaThread "Problems report writer"            [_thread_blocked, id=33736, stack(0x000000a705200000,0x000000a705300000) (1024K)]
  0x0000020ea412ff20 JavaThread "Build operations"                  [_thread_blocked, id=15988, stack(0x000000a705700000,0x000000a705800000) (1024K)]
=>0x0000020e99961c70 JavaThread "C2 CompilerThread1"         daemon [_thread_in_native, id=28992, stack(0x000000a705800000,0x000000a705900000) (1024K)]
  0x0000020ea41312d0 JavaThread "Unconstrained build operations Thread 46"        [_thread_blocked, id=34388, stack(0x000000a705900000,0x000000a705a00000) (1024K)]
  0x0000020ea412de50 JavaThread "Unconstrained build operations Thread 47"        [_thread_blocked, id=32412, stack(0x000000a705a00000,0x000000a705b00000) (1024K)]
  0x0000020ea4131ff0 JavaThread "Unconstrained build operations Thread 48"        [_thread_blocked, id=26432, stack(0x000000a705b00000,0x000000a705c00000) (1024K)]
  0x0000020ea4132680 JavaThread "Unconstrained build operations Thread 49"        [_thread_blocked, id=11824, stack(0x000000a705c00000,0x000000a705d00000) (1024K)]
  0x0000020ea4131960 JavaThread "Unconstrained build operations Thread 50"        [_thread_blocked, id=28040, stack(0x000000a705d00000,0x000000a705e00000) (1024K)]
  0x0000020ea4132d10 JavaThread "Unconstrained build operations Thread 51"        [_thread_blocked, id=33452, stack(0x000000a705e00000,0x000000a705f00000) (1024K)]
  0x0000020ea41333a0 JavaThread "Unconstrained build operations Thread 52"        [_thread_blocked, id=3928, stack(0x000000a705f00000,0x000000a706000000) (1024K)]
  0x0000020ea4133a30 JavaThread "Unconstrained build operations Thread 53"        [_thread_blocked, id=29648, stack(0x000000a706000000,0x000000a706100000) (1024K)]
  0x0000020ea41340c0 JavaThread "Unconstrained build operations Thread 54"        [_thread_blocked, id=33268, stack(0x000000a706100000,0x000000a706200000) (1024K)]
  0x0000020ea4134750 JavaThread "Unconstrained build operations Thread 55"        [_thread_blocked, id=23916, stack(0x000000a706200000,0x000000a706300000) (1024K)]
  0x0000020e9d9ae1f0 JavaThread "Unconstrained build operations Thread 56"        [_thread_blocked, id=33192, stack(0x000000a706300000,0x000000a706400000) (1024K)]
  0x0000020e9d9aef10 JavaThread "Unconstrained build operations Thread 57"        [_thread_blocked, id=30400, stack(0x000000a706400000,0x000000a706500000) (1024K)]
  0x0000020e9d9af5a0 JavaThread "Unconstrained build operations Thread 58"        [_thread_blocked, id=6744, stack(0x000000a706500000,0x000000a706600000) (1024K)]
  0x0000020e9d9afc30 JavaThread "Unconstrained build operations Thread 59"        [_thread_blocked, id=29884, stack(0x000000a706600000,0x000000a706700000) (1024K)]
  0x0000020e9d9b02c0 JavaThread "Unconstrained build operations Thread 60"        [_thread_blocked, id=22400, stack(0x000000a706700000,0x000000a706800000) (1024K)]
  0x0000020e9d9ace40 JavaThread "Unconstrained build operations Thread 61"        [_thread_blocked, id=19692, stack(0x000000a706800000,0x000000a706900000) (1024K)]
  0x0000020e9d9b2390 JavaThread "Unconstrained build operations Thread 62"        [_thread_blocked, id=25556, stack(0x000000a706900000,0x000000a706a00000) (1024K)]
  0x0000020e9d9b1d00 JavaThread "Unconstrained build operations Thread 63"        [_thread_blocked, id=16672, stack(0x000000a706a00000,0x000000a706b00000) (1024K)]
  0x0000020e9d9b1670 JavaThread "Unconstrained build operations Thread 64"        [_thread_blocked, id=24840, stack(0x000000a706b00000,0x000000a706c00000) (1024K)]
  0x0000020e9d9b0950 JavaThread "Unconstrained build operations Thread 65"        [_thread_blocked, id=34804, stack(0x000000a706c00000,0x000000a706d00000) (1024K)]
  0x0000020e9d9b30b0 JavaThread "Unconstrained build operations Thread 66"        [_thread_blocked, id=20888, stack(0x000000a706d00000,0x000000a706e00000) (1024K)]
  0x0000020e9d9b3740 JavaThread "Unconstrained build operations Thread 67"        [_thread_blocked, id=30996, stack(0x000000a706e00000,0x000000a706f00000) (1024K)]
  0x0000020ea3a83970 JavaThread "Unconstrained build operations Thread 68"        [_thread_blocked, id=32736, stack(0x000000a706f00000,0x000000a707000000) (1024K)]
  0x0000020e99962340 JavaThread "C2 CompilerThread2"         daemon [_thread_in_native, id=29140, stack(0x000000a707000000,0x000000a707100000) (1024K)]
Total: 116

Other Threads:
  0x0000020e93e8a8c0 VMThread "VM Thread"                           [id=14740, stack(0x000000a77ef00000,0x000000a77f000000) (1024K)]
  0x0000020e93df2d20 WatcherThread "VM Periodic Task Thread"        [id=21668, stack(0x000000a77ee00000,0x000000a77ef00000) (1024K)]
  0x0000020efa235800 WorkerThread "GC Thread#0"                     [id=2424, stack(0x000000a77e900000,0x000000a77ea00000) (1024K)]
  0x0000020e986e4010 WorkerThread "GC Thread#1"                     [id=8480, stack(0x000000a77fa00000,0x000000a77fb00000) (1024K)]
  0x0000020e983e0080 WorkerThread "GC Thread#2"                     [id=17624, stack(0x000000a77fb00000,0x000000a77fc00000) (1024K)]
  0x0000020e990a0470 WorkerThread "GC Thread#3"                     [id=13660, stack(0x000000a77fc00000,0x000000a77fd00000) (1024K)]
  0x0000020e99288690 WorkerThread "GC Thread#4"                     [id=9196, stack(0x000000a77fd00000,0x000000a77fe00000) (1024K)]
  0x0000020e98ef6d40 WorkerThread "GC Thread#5"                     [id=10044, stack(0x000000a700800000,0x000000a700900000) (1024K)]
  0x0000020e9917d560 WorkerThread "GC Thread#6"                     [id=29896, stack(0x000000a700900000,0x000000a700a00000) (1024K)]
  0x0000020e9917d900 WorkerThread "GC Thread#7"                     [id=32872, stack(0x000000a700a00000,0x000000a700b00000) (1024K)]
  0x0000020e9a139990 WorkerThread "GC Thread#8"                     [id=7028, stack(0x000000a700b00000,0x000000a700c00000) (1024K)]
  0x0000020e9a138770 WorkerThread "GC Thread#9"                     [id=14420, stack(0x000000a700c00000,0x000000a700d00000) (1024K)]
  0x0000020efa2466f0 ConcurrentGCThread "G1 Main Marker"            [id=24372, stack(0x000000a77ea00000,0x000000a77eb00000) (1024K)]
  0x0000020efa247100 WorkerThread "G1 Conc#0"                       [id=29476, stack(0x000000a77eb00000,0x000000a77ec00000) (1024K)]
  0x0000020e9a138b10 WorkerThread "G1 Conc#1"                       [id=33436, stack(0x000000a700d00000,0x000000a700e00000) (1024K)]
  0x0000020e9a139250 WorkerThread "G1 Conc#2"                       [id=26824, stack(0x000000a700e00000,0x000000a700f00000) (1024K)]
  0x0000020efa29e7f0 ConcurrentGCThread "G1 Refine#0"               [id=33120, stack(0x000000a77ec00000,0x000000a77ed00000) (1024K)]
  0x0000020e93cc78f0 ConcurrentGCThread "G1 Service"                [id=12044, stack(0x000000a77ed00000,0x000000a77ee00000) (1024K)]
Total: 18

Threads with active compile tasks:
C2 CompilerThread0  84700 14840       4       org.gradle.internal.instantiation.generator.AbstractClassGenerator::inspectType (602 bytes)
C2 CompilerThread1  84700 14844       4       java.lang.invoke.MethodHandleImpl::makePairwiseConvertByEditor (617 bytes)
C2 CompilerThread2  84700 14998   !   4       org.gradle.internal.serialize.graph.codecs.BindingsBackedCodec::encode (415 bytes)
Total: 3

VM state: not at safepoint (normal execution)

VM Mutex/Monitor currently owned by a thread: None

Heap address: 0x0000000080000000, size: 2048 MB, Compressed Oops mode: 32-bit

CDS archive(s) not mapped
Compressed class space mapped at: 0x0000000100000000-0x0000000140000000, reserved size: 1073741824
Narrow klass base: 0x0000000000000000, Narrow klass shift: 3, Narrow klass range: 0x140000000

GC Precious Log:
 CardTable entry size: 512
 Card Set container configuration: InlinePtr #cards 5 size 8 Array Of Cards #cards 12 size 40 Howl #buckets 4 coarsen threshold 1843 Howl Bitmap #cards 512 size 80 coarsen threshold 460 Card regions per heap region 1 cards per card region 2048
 CPUs: 12 total, 12 available
 Memory: 5989M
 Large Page Support: Disabled
 NUMA Support: Disabled
 Compressed Oops: Enabled (32-bit)
 Heap Region Size: 1M
 Heap Min Capacity: 8M
 Heap Initial Capacity: 94M
 Heap Max Capacity: 2G
 Pre-touch: Disabled
 Parallel Workers: 10
 Concurrent Workers: 3
 Concurrent Refinement Workers: 10
 Periodic GC: Disabled

Heap:
 garbage-first heap   total 219136K, used 151124K [0x0000000080000000, 0x0000000100000000)
  region size 1024K, 27 young (27648K), 6 survivors (6144K)
 Metaspace       used 126366K, committed 128704K, reserved 1179648K
  class space    used 17399K, committed 18560K, reserved 1048576K

Heap Regions: E=young(eden), S=young(survivor), O=old, HS=humongous(starts), HC=humongous(continues), CS=collection set, F=free, TAMS=top-at-mark-start, PB=parsable bottom
|   0|0x0000000080000000, 0x0000000080100000, 0x0000000080100000|100%|HS|  |TAMS 0x0000000080000000| PB 0x0000000080000000| Complete 
|   1|0x0000000080100000, 0x0000000080200000, 0x0000000080200000|100%|HC|  |TAMS 0x0000000080100000| PB 0x0000000080100000| Complete 
|   2|0x0000000080200000, 0x0000000080300000, 0x0000000080300000|100%|HC|  |TAMS 0x0000000080200000| PB 0x0000000080200000| Complete 
|   3|0x0000000080300000, 0x0000000080400000, 0x0000000080400000|100%| O|  |TAMS 0x0000000080300000| PB 0x0000000080300000| Untracked 
|   4|0x0000000080400000, 0x0000000080500000, 0x0000000080500000|100%| O|  |TAMS 0x0000000080400000| PB 0x0000000080400000| Untracked 
|   5|0x0000000080500000, 0x0000000080600000, 0x0000000080600000|100%| O|  |TAMS 0x0000000080500000| PB 0x0000000080500000| Untracked 
|   6|0x0000000080600000, 0x0000000080700000, 0x0000000080700000|100%|HS|  |TAMS 0x0000000080600000| PB 0x0000000080600000| Complete 
|   7|0x0000000080700000, 0x0000000080800000, 0x0000000080800000|100%| O|  |TAMS 0x0000000080700000| PB 0x0000000080700000| Untracked 
|   8|0x0000000080800000, 0x0000000080900000, 0x0000000080900000|100%| O|  |TAMS 0x0000000080800000| PB 0x0000000080800000| Untracked 
|   9|0x0000000080900000, 0x0000000080a00000, 0x0000000080a00000|100%| O|  |TAMS 0x0000000080900000| PB 0x0000000080900000| Untracked 
|  10|0x0000000080a00000, 0x0000000080b00000, 0x0000000080b00000|100%| O|  |TAMS 0x0000000080a00000| PB 0x0000000080a00000| Untracked 
|  11|0x0000000080b00000, 0x0000000080c00000, 0x0000000080c00000|100%| O|  |TAMS 0x0000000080b00000| PB 0x0000000080b00000| Untracked 
|  12|0x0000000080c00000, 0x0000000080d00000, 0x0000000080d00000|100%| O|  |TAMS 0x0000000080c00000| PB 0x0000000080c00000| Untracked 
|  13|0x0000000080d00000, 0x0000000080e00000, 0x0000000080e00000|100%| O|  |TAMS 0x0000000080d00000| PB 0x0000000080d00000| Untracked 
|  14|0x0000000080e00000, 0x0000000080f00000, 0x0000000080f00000|100%| O|  |TAMS 0x0000000080e00000| PB 0x0000000080e00000| Untracked 
|  15|0x0000000080f00000, 0x0000000081000000, 0x0000000081000000|100%| O|  |TAMS 0x0000000080f00000| PB 0x0000000080f00000| Untracked 
|  16|0x0000000081000000, 0x0000000081100000, 0x0000000081100000|100%| O|  |TAMS 0x0000000081000000| PB 0x0000000081000000| Untracked 
|  17|0x0000000081100000, 0x0000000081200000, 0x0000000081200000|100%| O|  |TAMS 0x0000000081100000| PB 0x0000000081100000| Untracked 
|  18|0x0000000081200000, 0x0000000081300000, 0x0000000081300000|100%| O|  |TAMS 0x0000000081200000| PB 0x0000000081200000| Untracked 
|  19|0x0000000081300000, 0x0000000081400000, 0x0000000081400000|100%| O|  |TAMS 0x0000000081300000| PB 0x0000000081300000| Untracked 
|  20|0x0000000081400000, 0x0000000081500000, 0x0000000081500000|100%| O|  |TAMS 0x0000000081400000| PB 0x0000000081400000| Untracked 
|  21|0x0000000081500000, 0x0000000081600000, 0x0000000081600000|100%| O|  |TAMS 0x0000000081500000| PB 0x0000000081500000| Untracked 
|  22|0x0000000081600000, 0x0000000081700000, 0x0000000081700000|100%| O|  |TAMS 0x0000000081600000| PB 0x0000000081600000| Untracked 
|  23|0x0000000081700000, 0x0000000081800000, 0x0000000081800000|100%| O|  |TAMS 0x0000000081700000| PB 0x0000000081700000| Untracked 
|  24|0x0000000081800000, 0x0000000081900000, 0x0000000081900000|100%| O|  |TAMS 0x0000000081800000| PB 0x0000000081800000| Untracked 
|  25|0x0000000081900000, 0x0000000081a00000, 0x0000000081a00000|100%| O|  |TAMS 0x0000000081900000| PB 0x0000000081900000| Untracked 
|  26|0x0000000081a00000, 0x0000000081b00000, 0x0000000081b00000|100%| O|  |TAMS 0x0000000081a00000| PB 0x0000000081a00000| Untracked 
|  27|0x0000000081b00000, 0x0000000081c00000, 0x0000000081c00000|100%| O|  |TAMS 0x0000000081b00000| PB 0x0000000081b00000| Untracked 
|  28|0x0000000081c00000, 0x0000000081d00000, 0x0000000081d00000|100%| O|  |TAMS 0x0000000081c00000| PB 0x0000000081c00000| Untracked 
|  29|0x0000000081d00000, 0x0000000081e00000, 0x0000000081e00000|100%| O|  |TAMS 0x0000000081d00000| PB 0x0000000081d00000| Untracked 
|  30|0x0000000081e00000, 0x0000000081f00000, 0x0000000081f00000|100%| O|  |TAMS 0x0000000081e00000| PB 0x0000000081e00000| Untracked 
|  31|0x0000000081f00000, 0x0000000082000000, 0x0000000082000000|100%| O|  |TAMS 0x0000000081f00000| PB 0x0000000081f00000| Untracked 
|  32|0x0000000082000000, 0x0000000082100000, 0x0000000082100000|100%| O|  |TAMS 0x0000000082000000| PB 0x0000000082000000| Untracked 
|  33|0x0000000082100000, 0x0000000082200000, 0x0000000082200000|100%| O|  |TAMS 0x0000000082100000| PB 0x0000000082100000| Untracked 
|  34|0x0000000082200000, 0x0000000082300000, 0x0000000082300000|100%| O|  |TAMS 0x0000000082200000| PB 0x0000000082200000| Untracked 
|  35|0x0000000082300000, 0x0000000082400000, 0x0000000082400000|100%| O|  |TAMS 0x0000000082300000| PB 0x0000000082300000| Untracked 
|  36|0x0000000082400000, 0x0000000082500000, 0x0000000082500000|100%|HS|  |TAMS 0x0000000082400000| PB 0x0000000082400000| Complete 
|  37|0x0000000082500000, 0x0000000082600000, 0x0000000082600000|100%| O|  |TAMS 0x0000000082500000| PB 0x0000000082500000| Untracked 
|  38|0x0000000082600000, 0x0000000082700000, 0x0000000082700000|100%|HS|  |TAMS 0x0000000082600000| PB 0x0000000082600000| Complete 
|  39|0x0000000082700000, 0x0000000082800000, 0x0000000082800000|100%| O|  |TAMS 0x0000000082700000| PB 0x0000000082700000| Untracked 
|  40|0x0000000082800000, 0x0000000082900000, 0x0000000082900000|100%| O|  |TAMS 0x0000000082800000| PB 0x0000000082800000| Untracked 
|  41|0x0000000082900000, 0x0000000082a00000, 0x0000000082a00000|100%| O|  |TAMS 0x0000000082900000| PB 0x0000000082900000| Untracked 
|  42|0x0000000082a00000, 0x0000000082b00000, 0x0000000082b00000|100%| O|  |TAMS 0x0000000082a00000| PB 0x0000000082a00000| Untracked 
|  43|0x0000000082b00000, 0x0000000082c00000, 0x0000000082c00000|100%| O|  |TAMS 0x0000000082b00000| PB 0x0000000082b00000| Untracked 
|  44|0x0000000082c00000, 0x0000000082d00000, 0x0000000082d00000|100%| O|  |TAMS 0x0000000082c00000| PB 0x0000000082c00000| Untracked 
|  45|0x0000000082d00000, 0x0000000082e00000, 0x0000000082e00000|100%| O|  |TAMS 0x0000000082d00000| PB 0x0000000082d00000| Untracked 
|  46|0x0000000082e00000, 0x0000000082f00000, 0x0000000082f00000|100%| O|  |TAMS 0x0000000082e00000| PB 0x0000000082e00000| Untracked 
|  47|0x0000000082f00000, 0x0000000083000000, 0x0000000083000000|100%| O|  |TAMS 0x0000000082f00000| PB 0x0000000082f00000| Untracked 
|  48|0x0000000083000000, 0x0000000083100000, 0x0000000083100000|100%| O|  |TAMS 0x0000000083000000| PB 0x0000000083000000| Untracked 
|  49|0x0000000083100000, 0x0000000083200000, 0x0000000083200000|100%| O|  |TAMS 0x0000000083100000| PB 0x0000000083100000| Untracked 
|  50|0x0000000083200000, 0x0000000083300000, 0x0000000083300000|100%| O|  |TAMS 0x0000000083200000| PB 0x0000000083200000| Untracked 
|  51|0x0000000083300000, 0x0000000083400000, 0x0000000083400000|100%| O|  |TAMS 0x0000000083300000| PB 0x0000000083300000| Untracked 
|  52|0x0000000083400000, 0x0000000083500000, 0x0000000083500000|100%| O|  |TAMS 0x0000000083400000| PB 0x0000000083400000| Untracked 
|  53|0x0000000083500000, 0x0000000083600000, 0x0000000083600000|100%|HS|  |TAMS 0x0000000083500000| PB 0x0000000083500000| Complete 
|  54|0x0000000083600000, 0x0000000083700000, 0x0000000083700000|100%| O|  |TAMS 0x0000000083600000| PB 0x0000000083600000| Untracked 
|  55|0x0000000083700000, 0x0000000083800000, 0x0000000083800000|100%| O|  |TAMS 0x0000000083700000| PB 0x0000000083700000| Untracked 
|  56|0x0000000083800000, 0x0000000083900000, 0x0000000083900000|100%| O|  |TAMS 0x0000000083800000| PB 0x0000000083800000| Untracked 
|  57|0x0000000083900000, 0x0000000083a00000, 0x0000000083a00000|100%|HS|  |TAMS 0x0000000083900000| PB 0x0000000083900000| Complete 
|  58|0x0000000083a00000, 0x0000000083b00000, 0x0000000083b00000|100%|HC|  |TAMS 0x0000000083a00000| PB 0x0000000083a00000| Complete 
|  59|0x0000000083b00000, 0x0000000083c00000, 0x0000000083c00000|100%|HS|  |TAMS 0x0000000083b00000| PB 0x0000000083b00000| Complete 
|  60|0x0000000083c00000, 0x0000000083d00000, 0x0000000083d00000|100%|HC|  |TAMS 0x0000000083c00000| PB 0x0000000083c00000| Complete 
|  61|0x0000000083d00000, 0x0000000083e00000, 0x0000000083e00000|100%|HS|  |TAMS 0x0000000083d00000| PB 0x0000000083d00000| Complete 
|  62|0x0000000083e00000, 0x0000000083f00000, 0x0000000083f00000|100%|HC|  |TAMS 0x0000000083e00000| PB 0x0000000083e00000| Complete 
|  63|0x0000000083f00000, 0x0000000084000000, 0x0000000084000000|100%|HC|  |TAMS 0x0000000083f00000| PB 0x0000000083f00000| Complete 
|  64|0x0000000084000000, 0x0000000084100000, 0x0000000084100000|100%|HS|  |TAMS 0x0000000084000000| PB 0x0000000084000000| Complete 
|  65|0x0000000084100000, 0x0000000084200000, 0x0000000084200000|100%| O|  |TAMS 0x0000000084100000| PB 0x0000000084100000| Untracked 
|  66|0x0000000084200000, 0x0000000084300000, 0x0000000084300000|100%| O|  |TAMS 0x0000000084200000| PB 0x0000000084200000| Untracked 
|  67|0x0000000084300000, 0x0000000084400000, 0x0000000084400000|100%|HS|  |TAMS 0x0000000084300000| PB 0x0000000084300000| Complete 
|  68|0x0000000084400000, 0x0000000084500000, 0x0000000084500000|100%|HS|  |TAMS 0x0000000084400000| PB 0x0000000084400000| Complete 
|  69|0x0000000084500000, 0x0000000084600000, 0x0000000084600000|100%| O|  |TAMS 0x0000000084500000| PB 0x0000000084500000| Untracked 
|  70|0x0000000084600000, 0x0000000084700000, 0x0000000084700000|100%| O|  |TAMS 0x0000000084600000| PB 0x0000000084600000| Untracked 
|  71|0x0000000084700000, 0x0000000084800000, 0x0000000084800000|100%| O|  |TAMS 0x0000000084700000| PB 0x0000000084700000| Untracked 
|  72|0x0000000084800000, 0x0000000084900000, 0x0000000084900000|100%| O|  |TAMS 0x0000000084800000| PB 0x0000000084800000| Untracked 
|  73|0x0000000084900000, 0x0000000084a00000, 0x0000000084a00000|100%| O|  |TAMS 0x0000000084900000| PB 0x0000000084900000| Untracked 
|  74|0x0000000084a00000, 0x0000000084b00000, 0x0000000084b00000|100%| O|  |TAMS 0x0000000084a00000| PB 0x0000000084a00000| Untracked 
|  75|0x0000000084b00000, 0x0000000084c00000, 0x0000000084c00000|100%| O|  |TAMS 0x0000000084b00000| PB 0x0000000084b00000| Untracked 
|  76|0x0000000084c00000, 0x0000000084d00000, 0x0000000084d00000|100%|HS|  |TAMS 0x0000000084c00000| PB 0x0000000084c00000| Complete 
|  77|0x0000000084d00000, 0x0000000084e00000, 0x0000000084e00000|100%| O|  |TAMS 0x0000000084d00000| PB 0x0000000084d00000| Untracked 
|  78|0x0000000084e00000, 0x0000000084f00000, 0x0000000084f00000|100%| O|  |TAMS 0x0000000084e00000| PB 0x0000000084e00000| Untracked 
|  79|0x0000000084f00000, 0x0000000085000000, 0x0000000085000000|100%| O|  |TAMS 0x0000000084f00000| PB 0x0000000084f00000| Untracked 
|  80|0x0000000085000000, 0x0000000085100000, 0x0000000085100000|100%| O|  |TAMS 0x0000000085000000| PB 0x0000000085000000| Untracked 
|  81|0x0000000085100000, 0x0000000085200000, 0x0000000085200000|100%| O|  |TAMS 0x0000000085100000| PB 0x0000000085100000| Untracked 
|  82|0x0000000085200000, 0x0000000085300000, 0x0000000085300000|100%| O|  |TAMS 0x0000000085200000| PB 0x0000000085200000| Untracked 
|  83|0x0000000085300000, 0x0000000085400000, 0x0000000085400000|100%|HS|  |TAMS 0x0000000085300000| PB 0x0000000085300000| Complete 
|  84|0x0000000085400000, 0x0000000085500000, 0x0000000085500000|100%|HC|  |TAMS 0x0000000085400000| PB 0x0000000085400000| Complete 
|  85|0x0000000085500000, 0x0000000085600000, 0x0000000085600000|100%|HC|  |TAMS 0x0000000085500000| PB 0x0000000085500000| Complete 
|  86|0x0000000085600000, 0x0000000085700000, 0x0000000085700000|100%| O|  |TAMS 0x0000000085600000| PB 0x0000000085600000| Untracked 
|  87|0x0000000085700000, 0x0000000085800000, 0x0000000085800000|100%| O|  |TAMS 0x0000000085700000| PB 0x0000000085700000| Untracked 
|  88|0x0000000085800000, 0x0000000085900000, 0x0000000085900000|100%| O|  |TAMS 0x0000000085800000| PB 0x0000000085800000| Untracked 
|  89|0x0000000085900000, 0x0000000085a00000, 0x0000000085a00000|100%| O|  |TAMS 0x0000000085900000| PB 0x0000000085900000| Untracked 
|  90|0x0000000085a00000, 0x0000000085b00000, 0x0000000085b00000|100%| O|  |TAMS 0x0000000085a00000| PB 0x0000000085a00000| Untracked 
|  91|0x0000000085b00000, 0x0000000085c00000, 0x0000000085c00000|100%| O|  |TAMS 0x0000000085b00000| PB 0x0000000085b00000| Untracked 
|  92|0x0000000085c00000, 0x0000000085d00000, 0x0000000085d00000|100%| O|  |TAMS 0x0000000085c00000| PB 0x0000000085c00000| Untracked 
|  93|0x0000000085d00000, 0x0000000085e00000, 0x0000000085e00000|100%| O|  |TAMS 0x0000000085d00000| PB 0x0000000085d00000| Untracked 
|  94|0x0000000085e00000, 0x0000000085f00000, 0x0000000085f00000|100%| O|  |TAMS 0x0000000085e00000| PB 0x0000000085e00000| Untracked 
|  95|0x0000000085f00000, 0x0000000086000000, 0x0000000086000000|100%| O|  |TAMS 0x0000000085f00000| PB 0x0000000085f00000| Untracked 
|  96|0x0000000086000000, 0x0000000086100000, 0x0000000086100000|100%| O|  |TAMS 0x0000000086000000| PB 0x0000000086000000| Untracked 
|  97|0x0000000086100000, 0x0000000086200000, 0x0000000086200000|100%| O|  |TAMS 0x0000000086100000| PB 0x0000000086100000| Untracked 
|  98|0x0000000086200000, 0x0000000086300000, 0x0000000086300000|100%| O|  |TAMS 0x0000000086200000| PB 0x0000000086200000| Untracked 
|  99|0x0000000086300000, 0x0000000086400000, 0x0000000086400000|100%| O|Cm|TAMS 0x0000000086300000| PB 0x0000000086300000| Complete 
| 100|0x0000000086400000, 0x0000000086500000, 0x0000000086500000|100%| O|  |TAMS 0x0000000086400000| PB 0x0000000086400000| Untracked 
| 101|0x0000000086500000, 0x0000000086600000, 0x0000000086600000|100%| O|  |TAMS 0x0000000086500000| PB 0x0000000086500000| Untracked 
| 102|0x0000000086600000, 0x0000000086700000, 0x0000000086700000|100%| O|  |TAMS 0x0000000086600000| PB 0x0000000086600000| Untracked 
| 103|0x0000000086700000, 0x0000000086800000, 0x0000000086800000|100%| O|  |TAMS 0x0000000086700000| PB 0x0000000086700000| Untracked 
| 104|0x0000000086800000, 0x0000000086900000, 0x0000000086900000|100%| O|  |TAMS 0x0000000086800000| PB 0x0000000086800000| Untracked 
| 105|0x0000000086900000, 0x0000000086a00000, 0x0000000086a00000|100%| O|  |TAMS 0x0000000086900000| PB 0x0000000086900000| Untracked 
| 106|0x0000000086a00000, 0x0000000086b00000, 0x0000000086b00000|100%| O|  |TAMS 0x0000000086a00000| PB 0x0000000086a00000| Untracked 
| 107|0x0000000086b00000, 0x0000000086c00000, 0x0000000086c00000|100%| O|  |TAMS 0x0000000086b00000| PB 0x0000000086b00000| Untracked 
| 108|0x0000000086c00000, 0x0000000086d00000, 0x0000000086d00000|100%| O|Cm|TAMS 0x0000000086c00000| PB 0x0000000086c00000| Complete 
| 109|0x0000000086d00000, 0x0000000086d00000, 0x0000000086e00000|  0%| F|  |TAMS 0x0000000086d00000| PB 0x0000000086d00000| Untracked 
| 110|0x0000000086e00000, 0x0000000086e00000, 0x0000000086f00000|  0%| F|  |TAMS 0x0000000086e00000| PB 0x0000000086e00000| Untracked 
| 111|0x0000000086f00000, 0x0000000086f00000, 0x0000000087000000|  0%| F|  |TAMS 0x0000000086f00000| PB 0x0000000086f00000| Untracked 
| 112|0x0000000087000000, 0x0000000087000000, 0x0000000087100000|  0%| F|  |TAMS 0x0000000087000000| PB 0x0000000087000000| Untracked 
| 113|0x0000000087100000, 0x0000000087100000, 0x0000000087200000|  0%| F|  |TAMS 0x0000000087100000| PB 0x0000000087100000| Untracked 
| 114|0x0000000087200000, 0x0000000087200000, 0x0000000087300000|  0%| F|  |TAMS 0x0000000087200000| PB 0x0000000087200000| Untracked 
| 115|0x0000000087300000, 0x0000000087300000, 0x0000000087400000|  0%| F|  |TAMS 0x0000000087300000| PB 0x0000000087300000| Untracked 
| 116|0x0000000087400000, 0x0000000087400000, 0x0000000087500000|  0%| F|  |TAMS 0x0000000087400000| PB 0x0000000087400000| Untracked 
| 117|0x0000000087500000, 0x0000000087600000, 0x0000000087600000|100%| O|  |TAMS 0x0000000087500000| PB 0x0000000087500000| Untracked 
| 118|0x0000000087600000, 0x0000000087700000, 0x0000000087700000|100%| O|  |TAMS 0x0000000087600000| PB 0x0000000087600000| Untracked 
| 119|0x0000000087700000, 0x0000000087800000, 0x0000000087800000|100%| O|  |TAMS 0x0000000087700000| PB 0x0000000087700000| Untracked 
| 120|0x0000000087800000, 0x0000000087900000, 0x0000000087900000|100%| O|  |TAMS 0x0000000087800000| PB 0x0000000087800000| Untracked 
| 121|0x0000000087900000, 0x00000000879953c0, 0x0000000087a00000| 58%| O|  |TAMS 0x0000000087900000| PB 0x0000000087900000| Untracked 
| 122|0x0000000087a00000, 0x0000000087a00000, 0x0000000087b00000|  0%| F|  |TAMS 0x0000000087a00000| PB 0x0000000087a00000| Untracked 
| 123|0x0000000087b00000, 0x0000000087b00000, 0x0000000087c00000|  0%| F|  |TAMS 0x0000000087b00000| PB 0x0000000087b00000| Untracked 
| 124|0x0000000087c00000, 0x0000000087c00000, 0x0000000087d00000|  0%| F|  |TAMS 0x0000000087c00000| PB 0x0000000087c00000| Untracked 
| 125|0x0000000087d00000, 0x0000000087d00000, 0x0000000087e00000|  0%| F|  |TAMS 0x0000000087d00000| PB 0x0000000087d00000| Untracked 
| 126|0x0000000087e00000, 0x0000000087f00000, 0x0000000087f00000|100%| S|CS|TAMS 0x0000000087e00000| PB 0x0000000087e00000| Complete 
| 127|0x0000000087f00000, 0x0000000088000000, 0x0000000088000000|100%| S|CS|TAMS 0x0000000087f00000| PB 0x0000000087f00000| Complete 
| 128|0x0000000088000000, 0x0000000088100000, 0x0000000088100000|100%| S|CS|TAMS 0x0000000088000000| PB 0x0000000088000000| Complete 
| 129|0x0000000088100000, 0x0000000088200000, 0x0000000088200000|100%| S|CS|TAMS 0x0000000088100000| PB 0x0000000088100000| Complete 
| 130|0x0000000088200000, 0x0000000088300000, 0x0000000088300000|100%| S|CS|TAMS 0x0000000088200000| PB 0x0000000088200000| Complete 
| 131|0x0000000088300000, 0x0000000088400000, 0x0000000088400000|100%| S|CS|TAMS 0x0000000088300000| PB 0x0000000088300000| Complete 
| 132|0x0000000088400000, 0x0000000088400000, 0x0000000088500000|  0%| F|  |TAMS 0x0000000088400000| PB 0x0000000088400000| Untracked 
| 133|0x0000000088500000, 0x0000000088500000, 0x0000000088600000|  0%| F|  |TAMS 0x0000000088500000| PB 0x0000000088500000| Untracked 
| 134|0x0000000088600000, 0x0000000088600000, 0x0000000088700000|  0%| F|  |TAMS 0x0000000088600000| PB 0x0000000088600000| Untracked 
| 135|0x0000000088700000, 0x0000000088700000, 0x0000000088800000|  0%| F|  |TAMS 0x0000000088700000| PB 0x0000000088700000| Untracked 
| 136|0x0000000088800000, 0x0000000088800000, 0x0000000088900000|  0%| F|  |TAMS 0x0000000088800000| PB 0x0000000088800000| Untracked 
| 137|0x0000000088900000, 0x0000000088900000, 0x0000000088a00000|  0%| F|  |TAMS 0x0000000088900000| PB 0x0000000088900000| Untracked 
| 138|0x0000000088a00000, 0x0000000088a00000, 0x0000000088b00000|  0%| F|  |TAMS 0x0000000088a00000| PB 0x0000000088a00000| Untracked 
| 139|0x0000000088b00000, 0x0000000088b00000, 0x0000000088c00000|  0%| F|  |TAMS 0x0000000088b00000| PB 0x0000000088b00000| Untracked 
| 140|0x0000000088c00000, 0x0000000088c00000, 0x0000000088d00000|  0%| F|  |TAMS 0x0000000088c00000| PB 0x0000000088c00000| Untracked 
| 141|0x0000000088d00000, 0x0000000088d00000, 0x0000000088e00000|  0%| F|  |TAMS 0x0000000088d00000| PB 0x0000000088d00000| Untracked 
| 142|0x0000000088e00000, 0x0000000088e00000, 0x0000000088f00000|  0%| F|  |TAMS 0x0000000088e00000| PB 0x0000000088e00000| Untracked 
| 143|0x0000000088f00000, 0x0000000088f00000, 0x0000000089000000|  0%| F|  |TAMS 0x0000000088f00000| PB 0x0000000088f00000| Untracked 
| 144|0x0000000089000000, 0x0000000089000000, 0x0000000089100000|  0%| F|  |TAMS 0x0000000089000000| PB 0x0000000089000000| Untracked 
| 145|0x0000000089100000, 0x0000000089100000, 0x0000000089200000|  0%| F|  |TAMS 0x0000000089100000| PB 0x0000000089100000| Untracked 
| 146|0x0000000089200000, 0x0000000089200000, 0x0000000089300000|  0%| F|  |TAMS 0x0000000089200000| PB 0x0000000089200000| Untracked 
| 147|0x0000000089300000, 0x0000000089300000, 0x0000000089400000|  0%| F|  |TAMS 0x0000000089300000| PB 0x0000000089300000| Untracked 
| 148|0x0000000089400000, 0x0000000089400000, 0x0000000089500000|  0%| F|  |TAMS 0x0000000089400000| PB 0x0000000089400000| Untracked 
| 149|0x0000000089500000, 0x0000000089500000, 0x0000000089600000|  0%| F|  |TAMS 0x0000000089500000| PB 0x0000000089500000| Untracked 
| 150|0x0000000089600000, 0x0000000089600000, 0x0000000089700000|  0%| F|  |TAMS 0x0000000089600000| PB 0x0000000089600000| Untracked 
| 151|0x0000000089700000, 0x0000000089700000, 0x0000000089800000|  0%| F|  |TAMS 0x0000000089700000| PB 0x0000000089700000| Untracked 
| 152|0x0000000089800000, 0x0000000089800000, 0x0000000089900000|  0%| F|  |TAMS 0x0000000089800000| PB 0x0000000089800000| Untracked 
| 153|0x0000000089900000, 0x0000000089900000, 0x0000000089a00000|  0%| F|  |TAMS 0x0000000089900000| PB 0x0000000089900000| Untracked 
| 154|0x0000000089a00000, 0x0000000089a00000, 0x0000000089b00000|  0%| F|  |TAMS 0x0000000089a00000| PB 0x0000000089a00000| Untracked 
| 155|0x0000000089b00000, 0x0000000089b00000, 0x0000000089c00000|  0%| F|  |TAMS 0x0000000089b00000| PB 0x0000000089b00000| Untracked 
| 156|0x0000000089c00000, 0x0000000089c00000, 0x0000000089d00000|  0%| F|  |TAMS 0x0000000089c00000| PB 0x0000000089c00000| Untracked 
| 157|0x0000000089d00000, 0x0000000089d00000, 0x0000000089e00000|  0%| F|  |TAMS 0x0000000089d00000| PB 0x0000000089d00000| Untracked 
| 158|0x0000000089e00000, 0x0000000089e00000, 0x0000000089f00000|  0%| F|  |TAMS 0x0000000089e00000| PB 0x0000000089e00000| Untracked 
| 159|0x0000000089f00000, 0x0000000089f00000, 0x000000008a000000|  0%| F|  |TAMS 0x0000000089f00000| PB 0x0000000089f00000| Untracked 
| 160|0x000000008a000000, 0x000000008a000000, 0x000000008a100000|  0%| F|  |TAMS 0x000000008a000000| PB 0x000000008a000000| Untracked 
| 161|0x000000008a100000, 0x000000008a100000, 0x000000008a200000|  0%| F|  |TAMS 0x000000008a100000| PB 0x000000008a100000| Untracked 
| 162|0x000000008a200000, 0x000000008a200000, 0x000000008a300000|  0%| F|  |TAMS 0x000000008a200000| PB 0x000000008a200000| Untracked 
| 163|0x000000008a300000, 0x000000008a300000, 0x000000008a400000|  0%| F|  |TAMS 0x000000008a300000| PB 0x000000008a300000| Untracked 
| 164|0x000000008a400000, 0x000000008a400000, 0x000000008a500000|  0%| F|  |TAMS 0x000000008a400000| PB 0x000000008a400000| Untracked 
| 165|0x000000008a500000, 0x000000008a500000, 0x000000008a600000|  0%| F|  |TAMS 0x000000008a500000| PB 0x000000008a500000| Untracked 
| 166|0x000000008a600000, 0x000000008a600000, 0x000000008a700000|  0%| F|  |TAMS 0x000000008a600000| PB 0x000000008a600000| Untracked 
| 167|0x000000008a700000, 0x000000008a700000, 0x000000008a800000|  0%| F|  |TAMS 0x000000008a700000| PB 0x000000008a700000| Untracked 
| 168|0x000000008a800000, 0x000000008a800000, 0x000000008a900000|  0%| F|  |TAMS 0x000000008a800000| PB 0x000000008a800000| Untracked 
| 169|0x000000008a900000, 0x000000008a900000, 0x000000008aa00000|  0%| F|  |TAMS 0x000000008a900000| PB 0x000000008a900000| Untracked 
| 170|0x000000008aa00000, 0x000000008aa00000, 0x000000008ab00000|  0%| F|  |TAMS 0x000000008aa00000| PB 0x000000008aa00000| Untracked 
| 171|0x000000008ab00000, 0x000000008ab00000, 0x000000008ac00000|  0%| F|  |TAMS 0x000000008ab00000| PB 0x000000008ab00000| Untracked 
| 172|0x000000008ac00000, 0x000000008ac00000, 0x000000008ad00000|  0%| F|  |TAMS 0x000000008ac00000| PB 0x000000008ac00000| Untracked 
| 173|0x000000008ad00000, 0x000000008ad00000, 0x000000008ae00000|  0%| F|  |TAMS 0x000000008ad00000| PB 0x000000008ad00000| Untracked 
| 174|0x000000008ae00000, 0x000000008ae00000, 0x000000008af00000|  0%| F|  |TAMS 0x000000008ae00000| PB 0x000000008ae00000| Untracked 
| 175|0x000000008af00000, 0x000000008af00000, 0x000000008b000000|  0%| F|  |TAMS 0x000000008af00000| PB 0x000000008af00000| Untracked 
| 176|0x000000008b000000, 0x000000008b000000, 0x000000008b100000|  0%| F|  |TAMS 0x000000008b000000| PB 0x000000008b000000| Untracked 
| 177|0x000000008b100000, 0x000000008b100000, 0x000000008b200000|  0%| F|  |TAMS 0x000000008b100000| PB 0x000000008b100000| Untracked 
| 178|0x000000008b200000, 0x000000008b200000, 0x000000008b300000|  0%| F|  |TAMS 0x000000008b200000| PB 0x000000008b200000| Untracked 
| 179|0x000000008b300000, 0x000000008b300000, 0x000000008b400000|  0%| F|  |TAMS 0x000000008b300000| PB 0x000000008b300000| Untracked 
| 180|0x000000008b400000, 0x000000008b400000, 0x000000008b500000|  0%| F|  |TAMS 0x000000008b400000| PB 0x000000008b400000| Untracked 
| 181|0x000000008b500000, 0x000000008b500000, 0x000000008b600000|  0%| F|  |TAMS 0x000000008b500000| PB 0x000000008b500000| Untracked 
| 182|0x000000008b600000, 0x000000008b600000, 0x000000008b700000|  0%| F|  |TAMS 0x000000008b600000| PB 0x000000008b600000| Untracked 
| 183|0x000000008b700000, 0x000000008b700000, 0x000000008b800000|  0%| F|  |TAMS 0x000000008b700000| PB 0x000000008b700000| Untracked 
| 184|0x000000008b800000, 0x000000008b800000, 0x000000008b900000|  0%| F|  |TAMS 0x000000008b800000| PB 0x000000008b800000| Untracked 
| 185|0x000000008b900000, 0x000000008ba00000, 0x000000008ba00000|100%| E|  |TAMS 0x000000008b900000| PB 0x000000008b900000| Complete 
| 186|0x000000008ba00000, 0x000000008bb00000, 0x000000008bb00000|100%| E|CS|TAMS 0x000000008ba00000| PB 0x000000008ba00000| Complete 
| 187|0x000000008bb00000, 0x000000008bc00000, 0x000000008bc00000|100%| E|CS|TAMS 0x000000008bb00000| PB 0x000000008bb00000| Complete 
| 188|0x000000008bc00000, 0x000000008bd00000, 0x000000008bd00000|100%| E|CS|TAMS 0x000000008bc00000| PB 0x000000008bc00000| Complete 
| 189|0x000000008bd00000, 0x000000008be00000, 0x000000008be00000|100%| E|CS|TAMS 0x000000008bd00000| PB 0x000000008bd00000| Complete 
| 190|0x000000008be00000, 0x000000008bf00000, 0x000000008bf00000|100%| E|CS|TAMS 0x000000008be00000| PB 0x000000008be00000| Complete 
| 191|0x000000008bf00000, 0x000000008c000000, 0x000000008c000000|100%| E|CS|TAMS 0x000000008bf00000| PB 0x000000008bf00000| Complete 
| 192|0x000000008c000000, 0x000000008c100000, 0x000000008c100000|100%| E|CS|TAMS 0x000000008c000000| PB 0x000000008c000000| Complete 
| 193|0x000000008c100000, 0x000000008c200000, 0x000000008c200000|100%| E|CS|TAMS 0x000000008c100000| PB 0x000000008c100000| Complete 
| 194|0x000000008c200000, 0x000000008c300000, 0x000000008c300000|100%| E|CS|TAMS 0x000000008c200000| PB 0x000000008c200000| Complete 
| 195|0x000000008c300000, 0x000000008c400000, 0x000000008c400000|100%| E|CS|TAMS 0x000000008c300000| PB 0x000000008c300000| Complete 
| 196|0x000000008c400000, 0x000000008c500000, 0x000000008c500000|100%| E|CS|TAMS 0x000000008c400000| PB 0x000000008c400000| Complete 
| 197|0x000000008c500000, 0x000000008c600000, 0x000000008c600000|100%| E|CS|TAMS 0x000000008c500000| PB 0x000000008c500000| Complete 
| 198|0x000000008c600000, 0x000000008c700000, 0x000000008c700000|100%| E|CS|TAMS 0x000000008c600000| PB 0x000000008c600000| Complete 
| 199|0x000000008c700000, 0x000000008c800000, 0x000000008c800000|100%| E|CS|TAMS 0x000000008c700000| PB 0x000000008c700000| Complete 
| 200|0x000000008c800000, 0x000000008c900000, 0x000000008c900000|100%| E|CS|TAMS 0x000000008c800000| PB 0x000000008c800000| Complete 
| 201|0x000000008c900000, 0x000000008ca00000, 0x000000008ca00000|100%| E|CS|TAMS 0x000000008c900000| PB 0x000000008c900000| Complete 
|2036|0x00000000ff400000, 0x00000000ff500000, 0x00000000ff500000|100%| O|  |TAMS 0x00000000ff400000| PB 0x00000000ff400000| Untracked 
|2037|0x00000000ff500000, 0x00000000ff600000, 0x00000000ff600000|100%| O|  |TAMS 0x00000000ff500000| PB 0x00000000ff500000| Untracked 
|2038|0x00000000ff600000, 0x00000000ff700000, 0x00000000ff700000|100%| E|CS|TAMS 0x00000000ff600000| PB 0x00000000ff600000| Complete 
|2039|0x00000000ff700000, 0x00000000ff800000, 0x00000000ff800000|100%| E|CS|TAMS 0x00000000ff700000| PB 0x00000000ff700000| Complete 
|2040|0x00000000ff800000, 0x00000000ff900000, 0x00000000ff900000|100%| E|CS|TAMS 0x00000000ff800000| PB 0x00000000ff800000| Complete 
|2041|0x00000000ff900000, 0x00000000ffa00000, 0x00000000ffa00000|100%| O|  |TAMS 0x00000000ff900000| PB 0x00000000ff900000| Untracked 
|2042|0x00000000ffa00000, 0x00000000ffb00000, 0x00000000ffb00000|100%| O|  |TAMS 0x00000000ffa00000| PB 0x00000000ffa00000| Untracked 
|2043|0x00000000ffb00000, 0x00000000ffc00000, 0x00000000ffc00000|100%| O|  |TAMS 0x00000000ffb00000| PB 0x00000000ffb00000| Untracked 
|2044|0x00000000ffc00000, 0x00000000ffd00000, 0x00000000ffd00000|100%| O|  |TAMS 0x00000000ffc00000| PB 0x00000000ffc00000| Untracked 
|2045|0x00000000ffd00000, 0x00000000ffe00000, 0x00000000ffe00000|100%| O|Cm|TAMS 0x00000000ffd00000| PB 0x00000000ffd00000| Complete 
|2046|0x00000000ffe00000, 0x00000000fff00000, 0x00000000fff00000|100%| E|CS|TAMS 0x00000000ffe00000| PB 0x00000000ffe00000| Complete 
|2047|0x00000000fff00000, 0x0000000100000000, 0x0000000100000000|100%| O|  |TAMS 0x00000000fff00000| PB 0x00000000fff00000| Untracked 

Card table byte_map: [0x0000020e8f000000,0x0000020e8f400000] _byte_map_base: 0x0000020e8ec00000

Marking Bits: (CMBitMap*) 0x0000020efa235e10
 Bits: [0x0000020e8f400000, 0x0000020e91400000)

Polling page: 0x0000020efa150000

Metaspace:

Usage:
  Non-class:    106.42 MB used.
      Class:     16.99 MB used.
       Both:    123.41 MB used.

Virtual space:
  Non-class space:      128.00 MB reserved,     107.56 MB ( 84%) committed,  2 nodes.
      Class space:        1.00 GB reserved,      18.12 MB (  2%) committed,  1 nodes.
             Both:        1.12 GB reserved,     125.69 MB ( 11%) committed. 

Chunk freelists:
   Non-Class:  3.92 MB
       Class:  13.91 MB
        Both:  17.83 MB

MaxMetaspaceSize: unlimited
CompressedClassSpaceSize: 1.00 GB
Initial GC threshold: 21.00 MB
Current GC threshold: 208.75 MB
CDS: off
 - commit_granule_bytes: 65536.
 - commit_granule_words: 8192.
 - virtual_space_node_default_size: 8388608.
 - enlarge_chunks_in_place: 1.
 - use_allocation_guard: 0.


Internal statistics:

num_allocs_failed_limit: 9.
num_arena_births: 4532.
num_arena_deaths: 0.
num_vsnodes_births: 3.
num_vsnodes_deaths: 0.
num_space_committed: 2011.
num_space_uncommitted: 0.
num_chunks_returned_to_freelist: 9.
num_chunks_taken_from_freelist: 9909.
num_chunk_merges: 9.
num_chunk_splits: 6457.
num_chunks_enlarged: 3962.
num_inconsistent_stats: 0.

CodeHeap 'non-profiled nmethods': size=120000Kb used=7311Kb max_used=7311Kb free=112688Kb
 bounds [0x0000020e87ad0000, 0x0000020e88200000, 0x0000020e8f000000]
CodeHeap 'profiled nmethods': size=120000Kb used=23531Kb max_used=23841Kb free=96468Kb
 bounds [0x0000020e80000000, 0x0000020e81750000, 0x0000020e87530000]
CodeHeap 'non-nmethods': size=5760Kb used=2952Kb max_used=3016Kb free=2807Kb
 bounds [0x0000020e87530000, 0x0000020e87830000, 0x0000020e87ad0000]
 total_blobs=13506 nmethods=12458 adapters=951
 compilation: enabled
              stopped_count=0, restarted_count=0
 full_count=0

Compilation events (20 events):
Event: 82.590 Thread 0x0000020e98083660 14973       3       java.util.concurrent.ThreadPoolExecutor::isShutdown (12 bytes)
Event: 82.590 Thread 0x0000020e98083660 nmethod 14973 0x0000020e81123b90 code [0x0000020e81123d40, 0x0000020e81123f20]
Event: 82.596 Thread 0x0000020e98083660 14975       3       org.gradle.api.internal.artifacts.ivyservice.ivyresolve.ErrorHandlingModuleComponentRepository$ErrorHandlingModuleComponentRepositoryAccess$$Lambda/0x0000000100b1d5f0::<init> (15 bytes)
Event: 82.597 Thread 0x0000020e98083660 nmethod 14975 0x0000020e812aa910 code [0x0000020e812aaac0, 0x0000020e812aace0]
Event: 82.597 Thread 0x0000020e98083660 14976       3       org.gradle.api.internal.artifacts.ivyservice.ivyresolve.ErrorHandlingModuleComponentRepository$ErrorHandlingModuleComponentRepositoryAccess$$Lambda/0x0000000100b1d838::<init> (10 bytes)
Event: 82.597 Thread 0x0000020e98083660 nmethod 14976 0x0000020e80f78c90 code [0x0000020e80f78e40, 0x0000020e80f78ff8]
Event: 82.597 Thread 0x0000020e98083660 14977       3       org.gradle.internal.resource.cached.AbstractCachedIndex::getIndexedCache (20 bytes)
Event: 82.598 Thread 0x0000020e98083660 nmethod 14977 0x0000020e808ff610 code [0x0000020e808ff7c0, 0x0000020e808ffaa0]
Event: 82.601 Thread 0x0000020e98083660 14978       3       java.util.concurrent.locks.LockSupport::unpark (26 bytes)
Event: 82.602 Thread 0x0000020e98083660 nmethod 14978 0x0000020e80913310 code [0x0000020e809134e0, 0x0000020e80913818]
Event: 82.602 Thread 0x0000020e98083660 14979       3       org.gradle.api.internal.artifacts.ivyservice.ivyresolve.CachingModuleComponentRepository::access$1300 (5 bytes)
Event: 82.603 Thread 0x0000020e98083660 nmethod 14979 0x0000020e807c6d10 code [0x0000020e807c6f60, 0x0000020e807c7968]
Event: 82.603 Thread 0x0000020e98083660 14980       3       org.gradle.api.internal.artifacts.ivyservice.ivyresolve.CachingModuleComponentRepository::findCachingModuleSource (21 bytes)
Event: 82.604 Thread 0x0000020e98083660 nmethod 14980 0x0000020e80149e10 code [0x0000020e8014a060, 0x0000020e8014a9f0]
Event: 82.609 Thread 0x0000020e98083660 14981       3       org.gradle.api.internal.artifacts.ivyservice.ivyresolve.ErrorHandlingModuleComponentRepository$ErrorHandlingModuleComponentRepositoryAccess$$Lambda/0x0000000100b1d3a8::<init> (26 bytes)
Event: 82.610 Thread 0x0000020e98083660 nmethod 14981 0x0000020e81272990 code [0x0000020e81272b40, 0x0000020e81272e18]
Event: 82.610 Thread 0x0000020e98083660 14982       3       org.gradle.api.internal.artifacts.ivyservice.ivyresolve.ErrorHandlingModuleComponentRepository$ErrorHandlingModuleComponentRepositoryAccess::lambda$resolveArtifact$12 (42 bytes)
Event: 82.610 Thread 0x0000020e98083660 nmethod 14982 0x0000020e806fdd10 code [0x0000020e806fdf40, 0x0000020e806fe940]
Event: 83.038 Thread 0x0000020e98083660 14983       3       java.util.concurrent.ScheduledThreadPoolExecutor::canRunInCurrentRunState (61 bytes)
Event: 83.040 Thread 0x0000020e98083660 nmethod 14983 0x0000020e8080fc10 code [0x0000020e8080fe20, 0x0000020e808105a8]

GC Heap History (20 events):
Event: 61.048 GC heap before
{Heap before GC invocations=36 (full 0):
 garbage-first heap   total 160768K, used 140847K [0x0000000080000000, 0x0000000100000000)
  region size 1024K, 47 young (48128K), 5 survivors (5120K)
 Metaspace       used 103142K, committed 105216K, reserved 1179648K
  class space    used 14012K, committed 15040K, reserved 1048576K
}
Event: 61.059 GC heap after
{Heap after GC invocations=37 (full 0):
 garbage-first heap   total 160768K, used 102740K [0x0000000080000000, 0x0000000100000000)
  region size 1024K, 6 young (6144K), 6 survivors (6144K)
 Metaspace       used 103142K, committed 105216K, reserved 1179648K
  class space    used 14012K, committed 15040K, reserved 1048576K
}
Event: 63.179 GC heap before
{Heap before GC invocations=37 (full 0):
 garbage-first heap   total 160768K, used 144724K [0x0000000080000000, 0x0000000100000000)
  region size 1024K, 47 young (48128K), 6 survivors (6144K)
 Metaspace       used 105129K, committed 107200K, reserved 1179648K
  class space    used 14264K, committed 15296K, reserved 1048576K
}
Event: 63.190 GC heap after
{Heap after GC invocations=38 (full 0):
 garbage-first heap   total 160768K, used 104359K [0x0000000080000000, 0x0000000100000000)
  region size 1024K, 4 young (4096K), 4 survivors (4096K)
 Metaspace       used 105129K, committed 107200K, reserved 1179648K
  class space    used 14264K, committed 15296K, reserved 1048576K
}
Event: 63.767 GC heap before
{Heap before GC invocations=38 (full 0):
 garbage-first heap   total 160768K, used 118695K [0x0000000080000000, 0x0000000100000000)
  region size 1024K, 19 young (19456K), 4 survivors (4096K)
 Metaspace       used 106164K, committed 108224K, reserved 1179648K
  class space    used 14428K, committed 15424K, reserved 1048576K
}
Event: 63.775 GC heap after
{Heap after GC invocations=39 (full 0):
 garbage-first heap   total 160768K, used 105754K [0x0000000080000000, 0x0000000100000000)
  region size 1024K, 2 young (2048K), 2 survivors (2048K)
 Metaspace       used 106164K, committed 108224K, reserved 1179648K
  class space    used 14428K, committed 15424K, reserved 1048576K
}
Event: 65.621 GC heap before
{Heap before GC invocations=40 (full 0):
 garbage-first heap   total 179200K, used 148762K [0x0000000080000000, 0x0000000100000000)
  region size 1024K, 43 young (44032K), 2 survivors (2048K)
 Metaspace       used 109509K, committed 111616K, reserved 1179648K
  class space    used 15028K, committed 16064K, reserved 1048576K
}
Event: 65.626 GC heap after
{Heap after GC invocations=41 (full 0):
 garbage-first heap   total 179200K, used 106101K [0x0000000080000000, 0x0000000100000000)
  region size 1024K, 2 young (2048K), 2 survivors (2048K)
 Metaspace       used 109509K, committed 111616K, reserved 1179648K
  class space    used 15028K, committed 16064K, reserved 1048576K
}
Event: 67.991 GC heap before
{Heap before GC invocations=41 (full 0):
 garbage-first heap   total 179200K, used 162421K [0x0000000080000000, 0x0000000100000000)
  region size 1024K, 57 young (58368K), 2 survivors (2048K)
 Metaspace       used 113495K, committed 115712K, reserved 1179648K
  class space    used 15623K, committed 16704K, reserved 1048576K
}
Event: 68.000 GC heap after
{Heap after GC invocations=42 (full 0):
 garbage-first heap   total 179200K, used 108095K [0x0000000080000000, 0x0000000100000000)
  region size 1024K, 5 young (5120K), 5 survivors (5120K)
 Metaspace       used 113495K, committed 115712K, reserved 1179648K
  class space    used 15623K, committed 16704K, reserved 1048576K
}
Event: 70.021 GC heap before
{Heap before GC invocations=42 (full 0):
 garbage-first heap   total 179200K, used 161343K [0x0000000080000000, 0x0000000100000000)
  region size 1024K, 58 young (59392K), 5 survivors (5120K)
 Metaspace       used 117278K, committed 119488K, reserved 1179648K
  class space    used 16191K, committed 17280K, reserved 1048576K
}
Event: 70.031 GC heap after
{Heap after GC invocations=43 (full 0):
 garbage-first heap   total 179200K, used 109446K [0x0000000080000000, 0x0000000100000000)
  region size 1024K, 8 young (8192K), 8 survivors (8192K)
 Metaspace       used 117278K, committed 119488K, reserved 1179648K
  class space    used 16191K, committed 17280K, reserved 1048576K
}
Event: 72.101 GC heap before
{Heap before GC invocations=43 (full 0):
 garbage-first heap   total 179200K, used 159622K [0x0000000080000000, 0x0000000100000000)
  region size 1024K, 57 young (58368K), 8 survivors (8192K)
 Metaspace       used 121997K, committed 124288K, reserved 1179648K
  class space    used 16846K, committed 17984K, reserved 1048576K
}
Event: 72.117 GC heap after
{Heap after GC invocations=44 (full 0):
 garbage-first heap   total 179200K, used 112461K [0x0000000080000000, 0x0000000100000000)
  region size 1024K, 7 young (7168K), 7 survivors (7168K)
 Metaspace       used 121997K, committed 124288K, reserved 1179648K
  class space    used 16846K, committed 17984K, reserved 1048576K
}
Event: 73.788 GC heap before
{Heap before GC invocations=45 (full 0):
 garbage-first heap   total 189440K, used 160589K [0x0000000080000000, 0x0000000100000000)
  region size 1024K, 54 young (55296K), 7 survivors (7168K)
 Metaspace       used 123477K, committed 125824K, reserved 1179648K
  class space    used 17094K, committed 18240K, reserved 1048576K
}
Event: 73.802 GC heap after
{Heap after GC invocations=46 (full 0):
 garbage-first heap   total 189440K, used 116564K [0x0000000080000000, 0x0000000100000000)
  region size 1024K, 7 young (7168K), 7 survivors (7168K)
 Metaspace       used 123477K, committed 125824K, reserved 1179648K
  class space    used 17094K, committed 18240K, reserved 1048576K
}
Event: 77.614 GC heap before
{Heap before GC invocations=46 (full 0):
 garbage-first heap   total 189440K, used 171860K [0x0000000080000000, 0x0000000100000000)
  region size 1024K, 61 young (62464K), 7 survivors (7168K)
 Metaspace       used 124559K, committed 126848K, reserved 1179648K
  class space    used 17206K, committed 18368K, reserved 1048576K
}
Event: 77.636 GC heap after
{Heap after GC invocations=47 (full 0):
 garbage-first heap   total 190464K, used 123948K [0x0000000080000000, 0x0000000100000000)
  region size 1024K, 8 young (8192K), 8 survivors (8192K)
 Metaspace       used 124559K, committed 126848K, reserved 1179648K
  class space    used 17206K, committed 18368K, reserved 1048576K
}
Event: 80.782 GC heap before
{Heap before GC invocations=47 (full 0):
 garbage-first heap   total 190464K, used 171052K [0x0000000080000000, 0x0000000100000000)
  region size 1024K, 54 young (55296K), 8 survivors (8192K)
 Metaspace       used 125785K, committed 128064K, reserved 1179648K
  class space    used 17327K, committed 18432K, reserved 1048576K
}
Event: 80.799 GC heap after
{Heap after GC invocations=48 (full 0):
 garbage-first heap   total 190464K, used 130644K [0x0000000080000000, 0x0000000100000000)
  region size 1024K, 6 young (6144K), 6 survivors (6144K)
 Metaspace       used 125785K, committed 128064K, reserved 1179648K
  class space    used 17327K, committed 18432K, reserved 1048576K
}

Dll operation events (3 events):
Event: 0.174 Loaded shared library C:\Program Files\Android\Android Studio\jbr\bin\java.dll
Event: 0.244 Loaded shared library C:\Program Files\Android\Android Studio\jbr\bin\zip.dll
Event: 4.065 Loaded shared library C:\Program Files\Android\Android Studio\jbr\bin\verify.dll

Deoptimization events (20 events):
Event: 80.693 Thread 0x0000020e984f5390 DEOPT PACKING pc=0x0000020e813615a1 sp=0x000000a7004f53f0
Event: 80.693 Thread 0x0000020e984f5390 DEOPT UNPACKING pc=0x0000020e87584e42 sp=0x000000a7004f48f0 mode 0
Event: 80.872 Thread 0x0000020e984f5390 Uncommon trap: trap_request=0xffffff45 fr.pc=0x0000020e8805fbbc relative=0x000000000000065c
Event: 80.872 Thread 0x0000020e984f5390 Uncommon trap: reason=unstable_if action=reinterpret pc=0x0000020e8805fbbc method=org.gradle.internal.snapshot.impl.AbstractValueProcessor.processValue(Ljava/lang/Object;Lorg/gradle/internal/snapshot/impl/AbstractValueProcessor$ValueVisitor;)Ljava/lang/Ob
Event: 80.872 Thread 0x0000020e984f5390 DEOPT PACKING pc=0x0000020e8805fbbc sp=0x000000a7004f6e50
Event: 80.872 Thread 0x0000020e984f5390 DEOPT UNPACKING pc=0x0000020e875846a2 sp=0x000000a7004f6dd0 mode 2
Event: 80.928 Thread 0x0000020e984f5390 DEOPT PACKING pc=0x0000020e81152164 sp=0x000000a7004f67c0
Event: 80.928 Thread 0x0000020e984f5390 DEOPT UNPACKING pc=0x0000020e87584e42 sp=0x000000a7004f5d80 mode 0
Event: 81.023 Thread 0x0000020e984f5390 Uncommon trap: trap_request=0xffffffc6 fr.pc=0x0000020e881c32c0 relative=0x0000000000000500
Event: 81.023 Thread 0x0000020e984f5390 Uncommon trap: reason=bimorphic_or_optimized_type_check action=maybe_recompile pc=0x0000020e881c32c0 method=org.gradle.api.internal.artifacts.ivyservice.resolveengine.graph.builder.NodeState.isExcluded(Lorg/gradle/api/internal/artifacts/ivyservice/resolve
Event: 81.023 Thread 0x0000020e984f5390 DEOPT PACKING pc=0x0000020e881c32c0 sp=0x000000a7004f5020
Event: 81.023 Thread 0x0000020e984f5390 DEOPT UNPACKING pc=0x0000020e875846a2 sp=0x000000a7004f4fd0 mode 2
Event: 82.128 Thread 0x0000020e984f5390 Uncommon trap: trap_request=0xffffffde fr.pc=0x0000020e8804ecb8 relative=0x0000000000002198
Event: 82.128 Thread 0x0000020e984f5390 Uncommon trap: reason=class_check action=maybe_recompile pc=0x0000020e8804ecb8 method=com.google.common.cache.LocalCache$Segment.put(Ljava/lang/Object;ILjava/lang/Object;Z)Ljava/lang/Object; @ 11 c2
Event: 82.128 Thread 0x0000020e984f5390 DEOPT PACKING pc=0x0000020e8804ecb8 sp=0x000000a7004f6c70
Event: 82.128 Thread 0x0000020e984f5390 DEOPT UNPACKING pc=0x0000020e875846a2 sp=0x000000a7004f6c28 mode 2
Event: 82.289 Thread 0x0000020e984f5390 Uncommon trap: trap_request=0xffffff76 fr.pc=0x0000020e87d473c8 relative=0x0000000000000ec8
Event: 82.289 Thread 0x0000020e984f5390 Uncommon trap: reason=predicate action=maybe_recompile pc=0x0000020e87d473c8 method=java.util.TimSort.reverseRange([Ljava/lang/Object;II)V @ 5 c2
Event: 82.289 Thread 0x0000020e984f5390 DEOPT PACKING pc=0x0000020e87d473c8 sp=0x000000a7004f4df0
Event: 82.289 Thread 0x0000020e984f5390 DEOPT UNPACKING pc=0x0000020e875846a2 sp=0x000000a7004f4c90 mode 2

Classes loaded (20 events):
Event: 71.830 Loading class java/net/InetAddress$CachedLocalHost
Event: 71.830 Loading class java/net/InetAddress$CachedLocalHost done
Event: 73.261 Loading class java/util/IdentityHashMap$KeyIterator
Event: 73.262 Loading class java/util/IdentityHashMap$KeyIterator done
Event: 73.285 Loading class java/util/TreeMap$KeySpliterator
Event: 73.285 Loading class java/util/TreeMap$TreeMapSpliterator
Event: 73.286 Loading class java/util/TreeMap$TreeMapSpliterator done
Event: 73.286 Loading class java/util/TreeMap$KeySpliterator done
Event: 74.641 Loading class java/io/FilterReader
Event: 74.642 Loading class java/io/FilterReader done
Event: 78.326 Loading class java/io/CharArrayWriter
Event: 78.326 Loading class java/io/CharArrayWriter done
Event: 78.355 Loading class java/io/SequenceInputStream
Event: 78.356 Loading class java/io/SequenceInputStream done
Event: 78.388 Loading class java/util/function/IntUnaryOperator
Event: 78.389 Loading class java/util/function/IntUnaryOperator done
Event: 80.773 Loading class java/util/EnumSet$SerializationProxy
Event: 80.774 Loading class java/util/EnumSet$SerializationProxy done
Event: 80.905 Loading class java/util/HashMap$UnsafeHolder
Event: 80.907 Loading class java/util/HashMap$UnsafeHolder done

Classes unloaded (0 events):
No events

Classes redefined (0 events):
No events

Internal exceptions (20 events):
Event: 74.903 Thread 0x0000020e984f5390 Exception <a 'java/lang/ClassNotFoundException'{0x0000000088a5d458}: com/android/build/gradle/internal/tasks/SigningConfigVersionsWriterTask_DecoratedBeanInfo> (0x0000000088a5d458) 
thrown [s\src\hotspot\share\classfile\systemDictionary.cpp, line 312]
Event: 74.905 Thread 0x0000020e984f5390 Exception <a 'java/lang/ClassNotFoundException'{0x0000000088a6a180}: com/android/build/gradle/internal/tasks/SigningConfigVersionsWriterTaskBeanInfo> (0x0000000088a6a180) 
thrown [s\src\hotspot\share\classfile\systemDictionary.cpp, line 312]
Event: 74.906 Thread 0x0000020e984f5390 Exception <a 'java/lang/ClassNotFoundException'{0x0000000088a76ea0}: com/android/build/gradle/internal/tasks/SigningConfigVersionsWriterTaskCustomizer> (0x0000000088a76ea0) 
thrown [s\src\hotspot\share\classfile\systemDictionary.cpp, line 312]
Event: 74.911 Thread 0x0000020e984f5390 Exception <a 'java/lang/ClassNotFoundException'{0x0000000088a9e0e0}: com/android/build/gradle/internal/tasks/SigningConfigVersionsWriterTask_DecoratedCustomizer> (0x0000000088a9e0e0) 
thrown [s\src\hotspot\share\classfile\systemDictionary.cpp, line 312]
Event: 74.945 Thread 0x0000020e984f5390 Exception <a 'java/lang/ClassNotFoundException'{0x000000008898b138}: com/android/build/gradle/tasks/PackageApplication_DecoratedBeanInfo> (0x000000008898b138) 
thrown [s\src\hotspot\share\classfile\systemDictionary.cpp, line 312]
Event: 74.947 Thread 0x0000020e984f5390 Exception <a 'java/lang/ClassNotFoundException'{0x0000000088997998}: com/android/build/gradle/tasks/PackageApplicationBeanInfo> (0x0000000088997998) 
thrown [s\src\hotspot\share\classfile\systemDictionary.cpp, line 312]
Event: 74.950 Thread 0x0000020e984f5390 Exception <a 'java/lang/ClassNotFoundException'{0x00000000889a4228}: com/android/build/gradle/tasks/PackageAndroidArtifactBeanInfo> (0x00000000889a4228) 
thrown [s\src\hotspot\share\classfile\systemDictionary.cpp, line 312]
Event: 74.952 Thread 0x0000020e984f5390 Exception <a 'java/lang/ClassNotFoundException'{0x00000000889b0bb8}: com/android/build/gradle/tasks/PackageAndroidArtifactCustomizer> (0x00000000889b0bb8) 
thrown [s\src\hotspot\share\classfile\systemDictionary.cpp, line 312]
Event: 74.956 Thread 0x0000020e984f5390 Exception <a 'java/lang/ClassNotFoundException'{0x000000008880f3f8}: com/android/build/gradle/tasks/PackageApplicationCustomizer> (0x000000008880f3f8) 
thrown [s\src\hotspot\share\classfile\systemDictionary.cpp, line 312]
Event: 74.962 Thread 0x0000020e984f5390 Exception <a 'java/lang/ClassNotFoundException'{0x000000008883e268}: com/android/build/gradle/tasks/PackageApplication_DecoratedCustomizer> (0x000000008883e268) 
thrown [s\src\hotspot\share\classfile\systemDictionary.cpp, line 312]
Event: 74.981 Thread 0x0000020e984f5390 Exception <a 'java/lang/ClassNotFoundException'{0x0000000088725660}: com/android/build/gradle/internal/tasks/ListingFileRedirectTask_DecoratedBeanInfo> (0x0000000088725660) 
thrown [s\src\hotspot\share\classfile\systemDictionary.cpp, line 312]
Event: 74.983 Thread 0x0000020e984f5390 Exception <a 'java/lang/ClassNotFoundException'{0x00000000887321d8}: com/android/build/gradle/internal/tasks/ListingFileRedirectTaskBeanInfo> (0x00000000887321d8) 
thrown [s\src\hotspot\share\classfile\systemDictionary.cpp, line 312]
Event: 74.984 Thread 0x0000020e984f5390 Exception <a 'java/lang/ClassNotFoundException'{0x000000008873ed58}: com/android/build/gradle/internal/tasks/ListingFileRedirectTaskCustomizer> (0x000000008873ed58) 
thrown [s\src\hotspot\share\classfile\systemDictionary.cpp, line 312]
Event: 74.987 Thread 0x0000020e984f5390 Exception <a 'java/lang/ClassNotFoundException'{0x000000008875bfd0}: com/android/build/gradle/internal/tasks/ListingFileRedirectTask_DecoratedCustomizer> (0x000000008875bfd0) 
thrown [s\src\hotspot\share\classfile\systemDictionary.cpp, line 312]
Event: 75.021 Thread 0x0000020e984f5390 Exception <a 'java/lang/NoSuchMethodError'{0x00000000887c6228}: 'void java.lang.invoke.DirectMethodHandle$Holder.invokeSpecial(java.lang.Object, java.lang.Object, java.lang.Object, java.lang.Object, int, java.lang.Object, java.lang.Object)'> (0x00000000887c6228) 
thrown [s\src\hotspot\share\interpreter\linkResolver.cpp, line 784]
Event: 77.175 Thread 0x0000020e984f5390 Exception <a 'sun/nio/fs/WindowsException'{0x0000000087b43cb0}> (0x0000000087b43cb0) 
thrown [s\src\hotspot\share\prims\jni.cpp, line 537]
Event: 78.390 Thread 0x0000020e984f5390 Exception <a 'java/lang/NoSuchMethodError'{0x000000008a9b0f60}: 'int java.lang.invoke.DirectMethodHandle$Holder.invokeSpecial(java.lang.Object, java.lang.Object, int)'> (0x000000008a9b0f60) 
thrown [s\src\hotspot\share\interpreter\linkResolver.cpp, line 784]
Event: 80.625 Thread 0x0000020e9d9b1d00 Implicit null exception at 0x0000020e87e279bd to 0x0000020e87e27a2d
Event: 80.860 Thread 0x0000020e984f5390 Exception <a 'java/lang/NoSuchMethodError'{0x00000000ffef1fc0}: static Ljava/lang/Object;.<clinit>()V> (0x00000000ffef1fc0) 
thrown [s\src\hotspot\share\prims\jni.cpp, line 1144]
Event: 80.877 Thread 0x0000020e984f5390 Exception <a 'java/lang/NoSuchMethodError'{0x00000000ff810d60}: static Lorg/jetbrains/kotlin/gradle/plugin/statistics/MetricContainer;.<clinit>()V> (0x00000000ff810d60) 
thrown [s\src\hotspot\share\prims\jni.cpp, line 1144]

ZGC Phase Switch (0 events):
No events

VM Operations (20 events):
Event: 78.964 Executing VM operation: Cleanup done
Event: 79.604 Executing VM operation: ICBufferFull
Event: 79.604 Executing VM operation: ICBufferFull done
Event: 79.875 Executing VM operation: HandshakeAllThreads (Deoptimize)
Event: 79.875 Executing VM operation: HandshakeAllThreads (Deoptimize) done
Event: 80.044 Executing VM operation: ICBufferFull
Event: 80.044 Executing VM operation: ICBufferFull done
Event: 80.406 Executing VM operation: ICBufferFull
Event: 80.406 Executing VM operation: ICBufferFull done
Event: 80.782 Executing VM operation: G1CollectForAllocation (G1 Evacuation Pause)
Event: 80.799 Executing VM operation: G1CollectForAllocation (G1 Evacuation Pause) done
Event: 80.958 Executing VM operation: G1PauseRemark
Event: 80.972 Executing VM operation: G1PauseRemark done
Event: 81.049 Executing VM operation: G1PauseCleanup
Event: 81.050 Executing VM operation: G1PauseCleanup done
Event: 82.058 Executing VM operation: Cleanup
Event: 82.058 Executing VM operation: Cleanup done
Event: 82.111 Executing VM operation: HandshakeAllThreads (Deoptimize)
Event: 82.112 Executing VM operation: HandshakeAllThreads (Deoptimize) done
Event: 83.117 Executing VM operation: Cleanup

Memory protections (0 events):
No events

Nmethod flushes (20 events):
Event: 80.969 Thread 0x0000020e93e8a8c0 flushing  nmethod 0x0000020e81143d10
Event: 80.969 Thread 0x0000020e93e8a8c0 flushing  nmethod 0x0000020e87b48110
Event: 80.969 Thread 0x0000020e93e8a8c0 flushing  nmethod 0x0000020e87eb8390
Event: 80.969 Thread 0x0000020e93e8a8c0 flushing  nmethod 0x0000020e800f9d90
Event: 80.969 Thread 0x0000020e93e8a8c0 flushing  nmethod 0x0000020e80430290
Event: 80.969 Thread 0x0000020e93e8a8c0 flushing  nmethod 0x0000020e804c7c90
Event: 80.969 Thread 0x0000020e93e8a8c0 flushing  nmethod 0x0000020e80583910
Event: 80.969 Thread 0x0000020e93e8a8c0 flushing  nmethod 0x0000020e8067d990
Event: 80.969 Thread 0x0000020e93e8a8c0 flushing  nmethod 0x0000020e806e9e10
Event: 80.969 Thread 0x0000020e93e8a8c0 flushing  nmethod 0x0000020e807fe890
Event: 80.969 Thread 0x0000020e93e8a8c0 flushing  nmethod 0x0000020e80830f90
Event: 80.969 Thread 0x0000020e93e8a8c0 flushing  nmethod 0x0000020e80892090
Event: 80.969 Thread 0x0000020e93e8a8c0 flushing  nmethod 0x0000020e8096d910
Event: 80.969 Thread 0x0000020e93e8a8c0 flushing  nmethod 0x0000020e80cbbe90
Event: 80.969 Thread 0x0000020e93e8a8c0 flushing  nmethod 0x0000020e80d6f390
Event: 80.969 Thread 0x0000020e93e8a8c0 flushing  nmethod 0x0000020e80d73110
Event: 80.969 Thread 0x0000020e93e8a8c0 flushing  nmethod 0x0000020e80fb2d90
Event: 80.969 Thread 0x0000020e93e8a8c0 flushing  nmethod 0x0000020e810f8110
Event: 80.969 Thread 0x0000020e93e8a8c0 flushing  nmethod 0x0000020e812db690
Event: 80.969 Thread 0x0000020e93e8a8c0 flushing  nmethod 0x0000020e81364290

Events (20 events):
Event: 80.366 Thread 0x0000020e984f5390 Thread added: 0x0000020ea4132680
Event: 80.367 Thread 0x0000020e984f5390 Thread added: 0x0000020ea4131960
Event: 80.367 Thread 0x0000020e984f5390 Thread added: 0x0000020ea4132d10
Event: 80.368 Thread 0x0000020e984f5390 Thread added: 0x0000020ea41333a0
Event: 80.368 Thread 0x0000020e984f5390 Thread added: 0x0000020ea4133a30
Event: 80.368 Thread 0x0000020e984f5390 Thread added: 0x0000020ea41340c0
Event: 80.569 Thread 0x0000020e984f5390 Thread added: 0x0000020ea4134750
Event: 80.570 Thread 0x0000020e984f5390 Thread added: 0x0000020e9d9ae1f0
Event: 80.571 Thread 0x0000020e984f5390 Thread added: 0x0000020e9d9aef10
Event: 80.572 Thread 0x0000020e984f5390 Thread added: 0x0000020e9d9af5a0
Event: 80.573 Thread 0x0000020e984f5390 Thread added: 0x0000020e9d9afc30
Event: 80.573 Thread 0x0000020e984f5390 Thread added: 0x0000020e9d9b02c0
Event: 80.574 Thread 0x0000020e984f5390 Thread added: 0x0000020e9d9ace40
Event: 80.574 Thread 0x0000020e984f5390 Thread added: 0x0000020e9d9b2390
Event: 80.576 Thread 0x0000020e984f5390 Thread added: 0x0000020e9d9b1d00
Event: 80.576 Thread 0x0000020e984f5390 Thread added: 0x0000020e9d9b1670
Event: 80.576 Thread 0x0000020e984f5390 Thread added: 0x0000020e9d9b0950
Event: 80.697 Thread 0x0000020e984f5390 Thread added: 0x0000020e9d9b30b0
Event: 80.698 Thread 0x0000020e984f5390 Thread added: 0x0000020e9d9b3740
Event: 82.294 Thread 0x0000020e984f5390 Thread added: 0x0000020ea3a83970


Dynamic libraries:
0x00007ff673180000 - 0x00007ff67318a000 	C:\Program Files\Android\Android Studio\jbr\bin\java.exe
0x00007ffb3a880000 - 0x00007ffb3aae8000 	C:\WINDOWS\SYSTEM32\ntdll.dll
0x00007ffb38f50000 - 0x00007ffb39019000 	C:\WINDOWS\System32\KERNEL32.DLL
0x00007ffb38100000 - 0x00007ffb384f2000 	C:\WINDOWS\System32\KERNELBASE.dll
0x00007ffb37e60000 - 0x00007ffb37fab000 	C:\WINDOWS\System32\ucrtbase.dll
0x00007ffb0ce10000 - 0x00007ffb0ce28000 	C:\Program Files\Android\Android Studio\jbr\bin\jli.dll
0x00007ffb07800000 - 0x00007ffb0781b000 	C:\Program Files\Android\Android Studio\jbr\bin\VCRUNTIME140.dll
0x00007ffb3a270000 - 0x00007ffb3a435000 	C:\WINDOWS\System32\USER32.dll
0x00007ffb37d00000 - 0x00007ffb37d27000 	C:\WINDOWS\System32\win32u.dll
0x00007ffb38740000 - 0x00007ffb3876b000 	C:\WINDOWS\System32\GDI32.dll
0x00007ffb37d30000 - 0x00007ffb37e5d000 	C:\WINDOWS\System32\gdi32full.dll
0x00007ffb38500000 - 0x00007ffb385a3000 	C:\WINDOWS\System32\msvcp_win.dll
0x00007ffb1c8d0000 - 0x00007ffb1cb63000 	C:\WINDOWS\WinSxS\amd64_microsoft.windows.common-controls_6595b64144ccf1df_6.0.26100.6725_none_3e085828e334708b\COMCTL32.dll
0x00007ffb387e0000 - 0x00007ffb38889000 	C:\WINDOWS\System32\msvcrt.dll
0x00007ffb38ee0000 - 0x00007ffb38f0f000 	C:\WINDOWS\System32\IMM32.DLL
0x00007ffb23b40000 - 0x00007ffb23b4c000 	C:\Program Files\Android\Android Studio\jbr\bin\vcruntime140_1.dll
0x00007ffaa29f0000 - 0x00007ffaa2a7d000 	C:\Program Files\Android\Android Studio\jbr\bin\msvcp140.dll
0x00007ffa77060000 - 0x00007ffa77cee000 	C:\Program Files\Android\Android Studio\jbr\bin\server\jvm.dll
0x00007ffb39da0000 - 0x00007ffb39e54000 	C:\WINDOWS\System32\ADVAPI32.dll
0x00007ffb38d90000 - 0x00007ffb38e36000 	C:\WINDOWS\System32\sechost.dll
0x00007ffb38bf0000 - 0x00007ffb38d08000 	C:\WINDOWS\System32\RPCRT4.dll
0x00007ffb39e60000 - 0x00007ffb39ed4000 	C:\WINDOWS\System32\WS2_32.dll
0x00007ffb37870000 - 0x00007ffb378ce000 	C:\WINDOWS\SYSTEM32\POWRPROF.dll
0x00007ffb30e20000 - 0x00007ffb30e55000 	C:\WINDOWS\SYSTEM32\WINMM.dll
0x00007ffb317f0000 - 0x00007ffb317fb000 	C:\WINDOWS\SYSTEM32\VERSION.dll
0x00007ffb37850000 - 0x00007ffb37864000 	C:\WINDOWS\SYSTEM32\UMPDC.dll
0x00007ffb36740000 - 0x00007ffb3675b000 	C:\WINDOWS\SYSTEM32\kernel.appcore.dll
0x00007ffb17310000 - 0x00007ffb1731a000 	C:\Program Files\Android\Android Studio\jbr\bin\jimage.dll
0x00007ffb353e0000 - 0x00007ffb35622000 	C:\WINDOWS\SYSTEM32\DBGHELP.DLL
0x00007ffb39ef0000 - 0x00007ffb3a26b000 	C:\WINDOWS\System32\combase.dll
0x00007ffb38660000 - 0x00007ffb38737000 	C:\WINDOWS\System32\OLEAUT32.dll
0x00007ffb19050000 - 0x00007ffb1908c000 	C:\WINDOWS\SYSTEM32\dbgcore.DLL
0x00007ffb385b0000 - 0x00007ffb38648000 	C:\WINDOWS\System32\bcryptPrimitives.dll
0x00007ffb32920000 - 0x00007ffb3292e000 	C:\Program Files\Android\Android Studio\jbr\bin\instrument.dll
0x00007ffb046b0000 - 0x00007ffb046d0000 	C:\Program Files\Android\Android Studio\jbr\bin\java.dll
0x00007ffb04690000 - 0x00007ffb046a8000 	C:\Program Files\Android\Android Studio\jbr\bin\zip.dll
0x00007ffb391c0000 - 0x00007ffb3990c000 	C:\WINDOWS\System32\SHELL32.dll
0x00007ffb37b90000 - 0x00007ffb37cfb000 	C:\WINDOWS\System32\wintypes.dll
0x00007ffb35660000 - 0x00007ffb35ebd000 	C:\WINDOWS\SYSTEM32\windows.storage.dll
0x00007ffb38890000 - 0x00007ffb38982000 	C:\WINDOWS\System32\SHCORE.dll
0x00007ffb38770000 - 0x00007ffb387d2000 	C:\WINDOWS\System32\shlwapi.dll
0x00007ffb37930000 - 0x00007ffb37959000 	C:\WINDOWS\SYSTEM32\profapi.dll
0x00007ffb13b60000 - 0x00007ffb13b70000 	C:\Program Files\Android\Android Studio\jbr\bin\net.dll
0x00007ffb30b30000 - 0x00007ffb30c4f000 	C:\WINDOWS\SYSTEM32\WINHTTP.dll
0x00007ffb36d50000 - 0x00007ffb36dbb000 	C:\WINDOWS\system32\mswsock.dll
0x00007ffb02bc0000 - 0x00007ffb02bd6000 	C:\Program Files\Android\Android Studio\jbr\bin\nio.dll
0x00007ffb043e0000 - 0x00007ffb043f0000 	C:\Program Files\Android\Android Studio\jbr\bin\verify.dll
0x00007ffa75530000 - 0x00007ffa75557000 	C:\Users\Anshuman Singh\.gradle\native\1def1411415f61bf3af743bc5b6707747c0891f09f0c88961ee8f79bc544acac\windows-amd64\native-platform.dll
0x00007ffaa2970000 - 0x00007ffaa29e8000 	C:\Users\Anshuman Singh\.gradle\native\0.2.7\x86_64-windows-gnu\gradle-fileevents.dll
0x00007ffb077f0000 - 0x00007ffb077f9000 	C:\Program Files\Android\Android Studio\jbr\bin\management.dll
0x00007ffb07120000 - 0x00007ffb0712b000 	C:\Program Files\Android\Android Studio\jbr\bin\management_ext.dll
0x00007ffb38650000 - 0x00007ffb38658000 	C:\WINDOWS\System32\PSAPI.DLL
0x00007ffb361e0000 - 0x00007ffb36214000 	C:\WINDOWS\SYSTEM32\IPHLPAPI.DLL
0x00007ffb39ee0000 - 0x00007ffb39eea000 	C:\WINDOWS\System32\NSI.dll
0x00007ffb10310000 - 0x00007ffb10319000 	C:\Program Files\Android\Android Studio\jbr\bin\extnet.dll
0x00007ffb37000000 - 0x00007ffb3701b000 	C:\WINDOWS\SYSTEM32\CRYPTSP.dll
0x00007ffb36760000 - 0x00007ffb3679b000 	C:\WINDOWS\system32\rsaenh.dll
0x00007ffb36df0000 - 0x00007ffb36e1b000 	C:\WINDOWS\SYSTEM32\USERENV.dll
0x00007ffb37900000 - 0x00007ffb37926000 	C:\WINDOWS\SYSTEM32\bcrypt.dll
0x00007ffb37020000 - 0x00007ffb3702c000 	C:\WINDOWS\SYSTEM32\CRYPTBASE.dll
0x00007ffb30670000 - 0x00007ffb30678000 	C:\WINDOWS\system32\wshunix.dll
0x00007ffb36270000 - 0x00007ffb36396000 	C:\WINDOWS\SYSTEM32\DNSAPI.dll
0x00007ffb1ecd0000 - 0x00007ffb1ecdb000 	C:\Windows\System32\rasadhlp.dll
0x00007ffb2e090000 - 0x00007ffb2e116000 	C:\WINDOWS\System32\fwpuclnt.dll
0x00007ffb136e0000 - 0x00007ffb136f8000 	C:\WINDOWS\system32\napinsp.dll
0x00007ffb136c0000 - 0x00007ffb136d2000 	C:\WINDOWS\System32\winrnr.dll
0x00007ffb12f50000 - 0x00007ffb12f78000 	C:\WINDOWS\system32\nlansp_c.dll
0x00007ffb12f00000 - 0x00007ffb12f16000 	C:\WINDOWS\system32\wshbth.dll

dbghelp: loaded successfully - version: 4.0.5 - missing functions: none
symbol engine: initialized successfully - sym options: 0x614 - pdb path: .;C:\Program Files\Android\Android Studio\jbr\bin;C:\WINDOWS\SYSTEM32;C:\WINDOWS\WinSxS\amd64_microsoft.windows.common-controls_6595b64144ccf1df_6.0.26100.6725_none_3e085828e334708b;C:\Program Files\Android\Android Studio\jbr\bin\server;C:\Users\Anshuman Singh\.gradle\native\1def1411415f61bf3af743bc5b6707747c0891f09f0c88961ee8f79bc544acac\windows-amd64;C:\Users\Anshuman Singh\.gradle\native\0.2.7\x86_64-windows-gnu

VM Arguments:
jvm_args: --add-opens=java.base/java.lang=ALL-UNNAMED --add-opens=java.base/java.lang.invoke=ALL-UNNAMED --add-opens=java.base/java.util=ALL-UNNAMED --add-opens=java.prefs/java.util.prefs=ALL-UNNAMED --add-exports=jdk.compiler/com.sun.tools.javac.api=ALL-UNNAMED --add-exports=jdk.compiler/com.sun.tools.javac.util=ALL-UNNAMED --add-opens=java.base/java.util=ALL-UNNAMED --add-opens=java.prefs/java.util.prefs=ALL-UNNAMED --add-opens=java.base/java.nio.charset=ALL-UNNAMED --add-opens=java.base/java.net=ALL-UNNAMED --add-opens=java.base/java.util.concurrent.atomic=ALL-UNNAMED --add-opens=java.xml/javax.xml.namespace=ALL-UNNAMED -Xmx2048m -Dfile.encoding=UTF-8 -Duser.country=IN -Duser.language=en -Duser.variant -javaagent:C:\Users\Anshuman Singh\.gradle\wrapper\dists\gradle-8.13-bin\5xuhj0ry160q40clulazy9h7d\gradle-8.13\lib\agents\gradle-instrumentation-agent-8.13.jar 
java_command: org.gradle.launcher.daemon.bootstrap.GradleDaemon 8.13
java_class_path (initial): C:\Users\Anshuman Singh\.gradle\wrapper\dists\gradle-8.13-bin\5xuhj0ry160q40clulazy9h7d\gradle-8.13\lib\gradle-daemon-main-8.13.jar
Launcher Type: SUN_STANDARD

[Global flags]
     intx CICompilerCount                          = 4                                         {product} {ergonomic}
     uint ConcGCThreads                            = 3                                         {product} {ergonomic}
     uint G1ConcRefinementThreads                  = 10                                        {product} {ergonomic}
   size_t G1HeapRegionSize                         = 1048576                                   {product} {ergonomic}
    uintx GCDrainStackTargetSize                   = 64                                        {product} {ergonomic}
   size_t InitialHeapSize                          = 98566144                                  {product} {ergonomic}
   size_t MarkStackSize                            = 4194304                                   {product} {ergonomic}
   size_t MaxHeapSize                              = 2147483648                                {product} {command line}
   size_t MaxNewSize                               = 1287651328                                {product} {ergonomic}
   size_t MinHeapDeltaBytes                        = 1048576                                   {product} {ergonomic}
   size_t MinHeapSize                              = 8388608                                   {product} {ergonomic}
    uintx NonNMethodCodeHeapSize                   = 5839372                                {pd product} {ergonomic}
    uintx NonProfiledCodeHeapSize                  = 122909434                              {pd product} {ergonomic}
    uintx ProfiledCodeHeapSize                     = 122909434                              {pd product} {ergonomic}
    uintx ReservedCodeCacheSize                    = 251658240                              {pd product} {ergonomic}
     bool SegmentedCodeCache                       = true                                      {product} {ergonomic}
   size_t SoftMaxHeapSize                          = 2147483648                             {manageable} {ergonomic}
     bool UseCompressedOops                        = true                           {product lp64_product} {ergonomic}
     bool UseG1GC                                  = true                                      {product} {ergonomic}
     bool UseLargePagesIndividualAllocation        = false                                  {pd product} {ergonomic}

Logging:
Log output configuration:
 #0: stdout all=warning uptime,level,tags foldmultilines=false
 #1: stderr all=off uptime,level,tags foldmultilines=false

Environment Variables:
PATH=C:\Users\Anshuman Singh\AppData\Local\Programs\Python\Python310\;C:\Users\Anshuman Singh\AppData\Local\Programs\Python\Python310\Scripts\;c:\Users\Anshuman Singh\AppData\Local\Programs\cursor\resources\app\bin;C:\Program Files\Common Files\Oracle\Java\javapath;C:\Program Files (x86)\Common Files\Oracle\Java\javapath;C:\WINDOWS\system32;C:\WINDOWS;C:\WINDOWS\System32\Wbem;C:\WINDOWS\System32\WindowsPowerShell\v1.0\;C:\WINDOWS\System32\OpenSSH\;C:\Program Files\MySQL\MySQL Server 8.0\bin;C:\Program Files\Git\cmd;C:\Program Files (x86)\Windows Kits\10\Windows Performance Toolkit\;C:\Program Files\nodejs\;C:\Users\Anshuman Singh\.cargo\bin;C:\Users\Anshuman Singh\AppData\Local\Microsoft\WindowsApps;C:\Exercism;C:\msys64\ucrt64\bin;C:\Users\Anshuman Singh\AppData\Roaming\npm;C:\Users\Anshuman Singh\AppData\Local\Programs\cursor\resources\app\bin;c:\Users\Anshuman Singh\AppData\Local\Programs\cursor\resources\app\bin;C:\Program Files\Tesseract-OCR;;C:\Program Files\Docker\Docker\resources\bin;C:\Users\Anshuman Singh\AppData\Local\Programs\Python\Python310\Scripts\;C:\Users\Anshuman Singh\AppData\Local\Programs\Python\Python310\;C:\Users\Anshuman Singh\.cargo\bin;C:\Users\Anshuman Singh\AppData\Local\Programs\Python\Python313\Scripts\;C:\Users\Anshuman Singh\AppData\Local\Programs\Python\Python313\;C:\Users\Anshuman Singh\AppData\Local\Microsoft\WindowsApps;C:\Users\Anshuman Singh\AppData\Local\Programs\Microsoft VS Code\bin;C:\Exercism;C:\msys64\ucrt64\bin;C:\Users\Anshuman Singh\AppData\Roaming\npm;C:\Users\Anshuman Singh\AppData\Local\Programs\Ollama
USERNAME=Anshuman Singh
OS=Windows_NT
PROCESSOR_IDENTIFIER=AMD64 Family 23 Model 104 Stepping 1, AuthenticAMD
TMP=C:\Users\ANSHUM~1\AppData\Local\Temp
TEMP=C:\Users\ANSHUM~1\AppData\Local\Temp




Periodic native trim disabled

JNI global refs:
JNI global refs: 29, weak refs: 3

JNI global refs memory usage: 835, weak refs: 833

Process memory usage:
Resident Set Size: 418156K (6% of 6133188K total physical memory with 601424K free physical memory)

OOME stack traces (most recent first):
Classloader memory used:
Loader org.gradle.internal.classloader.VisitableURLClassLoader                         : 45930K
Loader bootstrap                                                                       : 33604K
Loader org.gradle.internal.classloader.VisitableURLClassLoader$InstrumentingVisitableURLClassLoader: 29792K
Loader org.gradle.initialization.MixInLegacyTypesClassLoader                           : 15352K
Loader jdk.internal.loader.ClassLoaders$PlatformClassLoader                            : 814K
Loader jdk.internal.reflect.DelegatingClassLoader                                      : 308K
Loader jdk.internal.loader.ClassLoaders$AppClassLoader                                 : 235K
Loader org.gradle.internal.classloader.VisitableURLClassLoader                         : 209K
Loader org.gradle.groovy.scripts.internal.DefaultScriptCompilationHandler$ScriptClassLoader: 133K
Loader org.codehaus.groovy.runtime.callsite.CallSiteClassLoader                        : 27360B

Classes loaded by more than one classloader:
Class Program                                                                         : loaded 5 times (x 70B)
Class Build_gradle                                                                    : loaded 3 times (x 128B)
Class Build_gradle$1                                                                  : loaded 3 times (x 72B)
Class org.gradle.internal.classloader.FilteringClassLoader                            : loaded 2 times (x 103B)
Class [Lcom.google.common.base.AbstractIterator$State;                                : loaded 2 times (x 67B)
Class com.google.common.base.CharMatcher$IsEither                                     : loaded 2 times (x 109B)
Class org.gradle.internal.classloader.ClassLoaderHierarchy                            : loaded 2 times (x 68B)
Class com.google.common.collect.AbstractMapBasedMultimap$WrappedCollection            : loaded 2 times (x 122B)
Class com.google.common.collect.ImmutableEnumSet                                      : loaded 2 times (x 144B)
Class com.google.common.util.concurrent.ExecutionError                                : loaded 2 times (x 80B)
Class com.google.common.collect.ImmutableList$1                                       : loaded 2 times (x 95B)
Class org.gradle.api.internal.classpath.ManifestUtil                                  : loaded 2 times (x 69B)
Class com.google.common.collect.RegularImmutableMap                                   : loaded 2 times (x 119B)
Class com.google.common.collect.ImmutableMap$MapViewOfValuesAsSingletonSets           : loaded 2 times (x 124B)
Class [Lorg.objectweb.asm.Symbol;                                                     : loaded 2 times (x 67B)
Class org.objectweb.asm.ClassVisitor                                                  : loaded 2 times (x 86B)
Class com.google.common.collect.UnmodifiableListIterator                              : loaded 2 times (x 93B)
Class com.google.common.base.Platform$JdkPatternCompiler                              : loaded 2 times (x 73B)
Class org.objectweb.asm.MethodTooLargeException                                       : loaded 2 times (x 81B)
Class [Lcom.google.common.cache.CacheBuilder$OneWeigher;                              : loaded 2 times (x 67B)
Class com.google.common.base.Suppliers                                                : loaded 2 times (x 69B)
Class org.gradle.internal.classloader.DefaultClassLoaderFactory                       : loaded 2 times (x 80B)
Class com.google.common.base.CharMatcher$None                                         : loaded 2 times (x 110B)
Class org.gradle.internal.classloader.ClassLoaderVisitor                              : loaded 2 times (x 74B)
Class [Lcom.google.common.collect.ImmutableMapEntry;                                  : loaded 2 times (x 67B)
Class org.gradle.api.internal.classpath.EffectiveClassPath                            : loaded 2 times (x 88B)
Class com.google.common.collect.ImmutableRangeSet                                     : loaded 2 times (x 113B)
Class com.google.common.collect.ListMultimap                                          : loaded 2 times (x 68B)
Class com.google.common.collect.ImmutableEnumMap                                      : loaded 2 times (x 124B)
Class com.google.common.base.Splitter                                                 : loaded 2 times (x 70B)
Class com.google.common.collect.Sets$1                                                : loaded 2 times (x 137B)
Class org.objectweb.asm.AnnotationVisitor                                             : loaded 2 times (x 76B)
Class org.gradle.api.internal.DefaultClassPathProvider                                : loaded 2 times (x 74B)
Class com.google.common.collect.Maps$ViewCachingAbstractMap                           : loaded 2 times (x 123B)
Class com.google.common.collect.Sets$2                                                : loaded 2 times (x 137B)
Class [Lorg.gradle.api.internal.ClassPathProvider;                                    : loaded 2 times (x 67B)
Class org.gradle.api.internal.ClassPathProvider                                       : loaded 2 times (x 68B)
Class com.google.common.base.AbstractIterator$State                                   : loaded 2 times (x 77B)
Class [Lorg.objectweb.asm.AnnotationVisitor;                                          : loaded 2 times (x 67B)
Class com.google.common.collect.Sets$3                                                : loaded 2 times (x 137B)
Class com.google.common.util.concurrent.AbstractFuture$SafeAtomicHelper               : loaded 2 times (x 77B)
Class com.google.common.cache.LocalCache$LocalLoadingCache                            : loaded 2 times (x 132B)
Class ijKotlinCoroutineJvmDebugInit1_dbc8tjkza02da6jm5mrt392f                         : loaded 2 times (x 177B)
Class org.gradle.internal.service.UnknownServiceException                             : loaded 2 times (x 81B)
Class com.google.common.collect.Sets$4                                                : loaded 2 times (x 137B)
Class org.objectweb.asm.ModuleVisitor                                                 : loaded 2 times (x 79B)
Class com.google.common.cache.LocalCache$Strength$1                                   : loaded 2 times (x 79B)
Class com.google.common.util.concurrent.SettableFuture                                : loaded 2 times (x 112B)
Class com.google.common.cache.LocalCache$Strength$2                                   : loaded 2 times (x 79B)
Class ijJvmDebugger1_2kiei8apzwidqd72qxlkiufk5$_run_closure1$_closure2                : loaded 2 times (x 138B)
Class com.google.common.base.Splitter$1                                               : loaded 2 times (x 75B)
Class com.google.common.cache.LocalCache$Strength$3                                   : loaded 2 times (x 79B)
Class com.google.common.collect.MapDifference                                         : loaded 2 times (x 68B)
Class org.objectweb.asm.FieldWriter                                                   : loaded 2 times (x 76B)
Class com.google.common.cache.CacheBuilder$NullListener                               : loaded 2 times (x 80B)
Class org.gradle.internal.classpath.TransformedClassPath                              : loaded 2 times (x 94B)
Class org.gradle.internal.classloader.InstrumentingClassLoader                        : loaded 2 times (x 68B)
Class com.google.common.collect.ImmutableRangeSet$AsSet                               : loaded 2 times (x 298B)
Class com.google.common.cache.CacheLoader$FunctionToCacheLoader                       : loaded 2 times (x 73B)
Class com.google.common.collect.Iterators$ArrayItr                                    : loaded 2 times (x 95B)
Class com.google.common.collect.ImmutableCollection$Builder                           : loaded 2 times (x 74B)
Class com.google.common.collect.BaseImmutableMultimap                                 : loaded 2 times (x 121B)
Class com.google.common.base.Joiner                                                   : loaded 2 times (x 77B)
Class com.google.common.base.MoreObjects                                              : loaded 2 times (x 69B)
Class com.google.common.collect.Platform                                              : loaded 2 times (x 69B)
Class [Lorg.objectweb.asm.Type;                                                       : loaded 2 times (x 67B)
Class com.google.common.collect.UnmodifiableIterator                                  : loaded 2 times (x 78B)
Class org.gradle.internal.service.ServiceLocator                                      : loaded 2 times (x 68B)
Class com.google.common.base.Ascii                                                    : loaded 2 times (x 69B)
Class com.google.common.collect.SingletonImmutableBiMap                               : loaded 2 times (x 141B)
Class com.google.common.cache.LocalCache$1                                            : loaded 2 times (x 87B)
Class com.google.common.collect.AbstractMapEntry                                      : loaded 2 times (x 79B)
Class com.google.common.collect.Sets$ImprovedAbstractSet                              : loaded 2 times (x 133B)
Class com.google.common.collect.ImmutableList$Builder                                 : loaded 2 times (x 75B)
Class com.google.common.collect.AbstractMultimap                                      : loaded 2 times (x 121B)
Class com.google.common.cache.LocalCache$2                                            : loaded 2 times (x 140B)
Class com.google.common.collect.ImmutableRangeSet$1                                   : loaded 2 times (x 208B)
Class com.google.common.util.concurrent.AbstractFuture$UnsafeAtomicHelper$1           : loaded 2 times (x 74B)
Class com.google.common.collect.RegularImmutableAsList                                : loaded 2 times (x 215B)
Class com.google.common.collect.Range                                                 : loaded 2 times (x 85B)
Class com.google.common.util.concurrent.AbstractFuture$Trusted                        : loaded 2 times (x 68B)
Class com.google.common.collect.Iterators                                             : loaded 2 times (x 69B)
Class com.google.common.collect.Lists$StringAsImmutableList                           : loaded 2 times (x 205B)
Class com.google.common.util.concurrent.UncheckedExecutionException                   : loaded 2 times (x 80B)
Class org.gradle.kotlin.dsl.VersionCatalogAccessorsKt                                 : loaded 2 times (x 69B)
Class org.gradle.internal.InternalTransformer                                         : loaded 2 times (x 68B)
Class com.google.common.collect.AbstractMapBasedMultimap$KeySet$1                     : loaded 2 times (x 80B)
Class org.objectweb.asm.ClassWriter                                                   : loaded 2 times (x 104B)
Class com.google.common.cache.CacheLoader$UnsupportedLoadingOperationException        : loaded 2 times (x 80B)
Class com.google.common.base.CharMatcher$And                                          : loaded 2 times (x 110B)
Class org.gradle.internal.classloader.ClasspathUtil$1                                 : loaded 2 times (x 74B)
Class org.objectweb.asm.FieldVisitor                                                  : loaded 2 times (x 75B)
Class com.google.common.collect.IndexedImmutableSet                                   : loaded 2 times (x 150B)
Class com.google.common.collect.ImmutableMap$1                                        : loaded 2 times (x 79B)
Class com.google.common.collect.BiMap                                                 : loaded 2 times (x 68B)
Class org.gradle.api.internal.classpath.DefaultModuleRegistry$DefaultModule           : loaded 2 times (x 84B)
Class com.google.common.primitives.Ints                                               : loaded 2 times (x 69B)
Class com.google.common.collect.AbstractIterator                                      : loaded 2 times (x 80B)
Class com.google.common.collect.RegularImmutableMap$KeySet                            : loaded 2 times (x 150B)
Class com.google.common.collect.Multiset                                              : loaded 2 times (x 68B)
Class com.google.common.collect.ArrayListMultimapGwtSerializationDependencies         : loaded 2 times (x 170B)
Class com.google.common.collect.AbstractIndexedListIterator                           : loaded 2 times (x 94B)
Class com.google.common.math.MathPreconditions                                        : loaded 2 times (x 69B)
Class com.google.common.collect.ImmutableMapEntrySet                                  : loaded 2 times (x 150B)
Class org.gradle.api.internal.classpath.Module                                        : loaded 2 times (x 68B)
Class com.google.common.cache.Weigher                                                 : loaded 2 times (x 68B)
Class org.gradle.api.internal.classpath.UnknownModuleException                        : loaded 2 times (x 80B)
Class com.google.common.base.Stopwatch                                                : loaded 2 times (x 70B)
Class com.google.common.cache.LocalCache$Strength                                     : loaded 2 times (x 79B)
Class com.google.common.cache.Cache                                                   : loaded 2 times (x 68B)
Class com.google.common.base.NullnessCasts                                            : loaded 2 times (x 69B)
Class com.google.common.util.concurrent.AbstractFuture$Cancellation                   : loaded 2 times (x 70B)
Class com.google.common.collect.ImmutableMap$Builder                                  : loaded 2 times (x 80B)
Class com.google.common.cache.RemovalListener                                         : loaded 2 times (x 68B)
Class org.gradle.api.internal.DefaultClassPathRegistry                                : loaded 2 times (x 74B)
Class com.google.common.primitives.IntsMethodsForWeb                                  : loaded 2 times (x 69B)
Class com.google.common.collect.Multimap                                              : loaded 2 times (x 68B)
Class org.gradle.api.internal.ClassPathRegistry                                       : loaded 2 times (x 68B)
Class org.gradle.internal.classpath.DefaultClassPath$ImmutableUniqueList              : loaded 2 times (x 197B)
Class com.google.common.base.Equivalence$Identity                                     : loaded 2 times (x 80B)
Class com.google.common.cache.CacheBuilder                                            : loaded 2 times (x 70B)
Class com.google.common.collect.SingletonImmutableList                                : loaded 2 times (x 205B)
Class Settings_gradle$1                                                               : loaded 2 times (x 72B)
Class org.gradle.internal.classpath.ClassPath                                         : loaded 2 times (x 68B)
Class org.gradle.api.UncheckedIOException                                             : loaded 2 times (x 80B)
Class com.google.common.base.JdkPattern                                               : loaded 2 times (x 73B)
Class com.google.common.collect.ImmutableList$ReverseImmutableList                    : loaded 2 times (x 207B)
Class com.google.errorprone.annotations.DoNotMock                                     : loaded 2 times (x 68B)
Class org.objectweb.asm.SymbolTable$Entry                                             : loaded 2 times (x 72B)
Class com.google.common.util.concurrent.AbstractFuture$AtomicHelper                   : loaded 2 times (x 76B)
Class org.objectweb.asm.Edge                                                          : loaded 2 times (x 70B)
Class com.google.common.base.Suppliers$SupplierOfInstance                             : loaded 2 times (x 77B)
Class com.google.common.collect.Iterators$1                                           : loaded 2 times (x 79B)
Class com.google.common.cache.LocalCache$ComputingValueReference                      : loaded 2 times (x 94B)
Class com.google.common.collect.SingletonImmutableSet                                 : loaded 2 times (x 144B)
Class com.google.common.collect.ImmutableMap$IteratorBasedImmutableMap                : loaded 2 times (x 124B)
Class com.google.common.cache.LocalCache$Segment                                      : loaded 2 times (x 152B)
Class com.google.common.collect.SortedIterable                                        : loaded 2 times (x 68B)
Class com.google.common.collect.AbstractListMultimap                                  : loaded 2 times (x 170B)
Class [Lorg.objectweb.asm.SymbolTable$Entry;                                          : loaded 2 times (x 67B)
Class com.google.common.cache.CacheLoader                                             : loaded 2 times (x 72B)
Class com.google.common.collect.Iterators$4                                           : loaded 2 times (x 80B)
Class com.google.common.collect.ImmutableBiMap                                        : loaded 2 times (x 141B)
Class org.gradle.internal.installation.GradleInstallation$1                           : loaded 2 times (x 73B)
Class org.gradle.api.internal.classpath.ModuleRegistry                                : loaded 2 times (x 68B)
Class com.google.common.base.Splitter$SplittingIterator                               : loaded 2 times (x 82B)
Class com.google.common.util.concurrent.internal.InternalFutureFailureAccess          : loaded 2 times (x 70B)
Class com.google.common.collect.Iterators$5                                           : loaded 2 times (x 80B)
Class com.google.common.collect.ImmutableSet$JdkBackedSetBuilderImpl                  : loaded 2 times (x 74B)
Class com.google.common.util.concurrent.AbstractFuture$UnsafeAtomicHelper             : loaded 2 times (x 76B)
Class com.google.common.cache.LocalCache$LocalManualCache$1                           : loaded 2 times (x 73B)
Class com.google.common.base.CharMatcher$ForPredicate                                 : loaded 2 times (x 110B)
Class com.google.common.base.CharMatcher$AnyOf                                        : loaded 2 times (x 110B)
Class com.google.common.collect.ImmutableCollection                                   : loaded 2 times (x 123B)
Class org.gradle.api.internal.classpath.DefaultModuleRegistry                         : loaded 2 times (x 84B)
Class com.google.common.collect.Lists                                                 : loaded 2 times (x 69B)
Class com.google.common.util.concurrent.ListenableFuture                              : loaded 2 times (x 68B)
Class com.google.common.cache.ReferenceEntry                                          : loaded 2 times (x 68B)
Class com.google.common.base.Converter                                                : loaded 2 times (x 88B)
Class com.google.common.collect.ImmutableSet$CachingAsList                            : loaded 2 times (x 146B)
Class ijJvmDebugger1_2kiei8apzwidqd72qxlkiufk5                                        : loaded 2 times (x 177B)
Class com.google.common.collect.AbstractMapBasedMultimap                              : loaded 2 times (x 137B)
Class com.google.common.util.concurrent.AbstractFuture                                : loaded 2 times (x 104B)
Class com.google.common.base.FunctionalEquivalence                                    : loaded 2 times (x 81B)
Class com.google.common.collect.Iterators$9                                           : loaded 2 times (x 79B)
Class com.google.common.collect.ImmutableAsList                                       : loaded 2 times (x 207B)
Class org.objectweb.asm.RecordComponentVisitor                                        : loaded 2 times (x 75B)
Class com.google.common.cache.CacheLoader$SupplierToCacheLoader                       : loaded 2 times (x 73B)
Class com.google.common.collect.Maps$EntryTransformer                                 : loaded 2 times (x 68B)
Class org.gradle.internal.service.ServiceLookupException                              : loaded 2 times (x 80B)
Class com.google.common.collect.ImmutableSortedSet                                    : loaded 2 times (x 298B)
Class [Lcom.google.common.cache.LocalCache$EntryFactory;                              : loaded 2 times (x 67B)
Class org.gradle.internal.classloader.ClassLoaderFactory                              : loaded 2 times (x 68B)
Class com.google.common.collect.ImmutableMap$SerializedForm                           : loaded 2 times (x 71B)
Class com.google.common.base.CommonPattern                                            : loaded 2 times (x 72B)
Class com.google.common.cache.LocalCache$LocalManualCache                             : loaded 2 times (x 97B)
Class com.google.common.base.CharMatcher$IsNot                                        : loaded 2 times (x 109B)
Class ijJvmDebugger1_2kiei8apzwidqd72qxlkiufk5$_run_closure1                          : loaded 2 times (x 137B)
Class org.gradle.internal.service.CachingServiceLocator                               : loaded 2 times (x 80B)
Class com.google.common.collect.AbstractMapBasedMultimap$KeySet                       : loaded 2 times (x 135B)
Class com.google.common.collect.RegularImmutableSortedSet                             : loaded 2 times (x 298B)
Class com.google.common.math.IntMath                                                  : loaded 2 times (x 69B)
Class com.google.common.collect.ImmutableMapEntry                                     : loaded 2 times (x 83B)
Class com.google.common.collect.ImmutableMultimap                                     : loaded 2 times (x 145B)
Class com.google.common.base.Equivalence                                              : loaded 2 times (x 80B)
Class com.google.common.base.Function                                                 : loaded 2 times (x 68B)
Class com.google.common.collect.ImmutableMapEntry$NonTerminalImmutableMapEntry        : loaded 2 times (x 83B)
Class com.google.common.cache.CacheBuilder$OneWeigher                                 : loaded 2 times (x 80B)
Class com.google.common.collect.RegularImmutableList                                  : loaded 2 times (x 211B)
Class org.gradle.internal.classloader.ClasspathUtil                                   : loaded 2 times (x 69B)
Class com.google.common.base.Charsets                                                 : loaded 2 times (x 69B)
Class com.google.common.util.concurrent.Uninterruptibles                              : loaded 2 times (x 69B)
Class com.google.common.collect.Maps                                                  : loaded 2 times (x 69B)
Class org.gradle.api.specs.Spec                                                       : loaded 2 times (x 68B)
Class [Lcom.google.common.collect.ImmutableEntry;                                     : loaded 2 times (x 67B)
Class com.google.common.cache.LocalCache$LoadingValueReference                        : loaded 2 times (x 94B)
Class com.google.common.collect.ObjectArrays                                          : loaded 2 times (x 69B)
Class com.google.common.collect.AbstractMapBasedMultimap$AsMap                        : loaded 2 times (x 126B)
Class com.google.common.base.Platform                                                 : loaded 2 times (x 69B)
Class [Lorg.objectweb.asm.AnnotationWriter;                                           : loaded 2 times (x 67B)
Class com.google.common.collect.Maps$8                                                : loaded 2 times (x 80B)
Class com.google.common.collect.ImmutableRangeSet$Builder                             : loaded 2 times (x 75B)
Class com.google.common.collect.Sets$SetView                                          : loaded 2 times (x 136B)
Class com.google.common.cache.LocalCache$StrongValueReference                         : loaded 2 times (x 88B)
Class com.google.common.util.concurrent.AbstractFuture$SynchronizedHelper             : loaded 2 times (x 76B)
Class org.objectweb.asm.Type                                                          : loaded 2 times (x 70B)
Class org.gradle.internal.classloader.VisitableURLClassLoader$InstrumentingVisitableURLClassLoader: loaded 2 times (x 121B)
Class org.objectweb.asm.ByteVector                                                    : loaded 2 times (x 77B)
Class [Lcom.google.common.cache.CacheBuilder$NullListener;                            : loaded 2 times (x 67B)
Class com.google.common.math.IntMath$1                                                : loaded 2 times (x 69B)
Class org.gradle.internal.classloader.VisitableURLClassLoader$Spec                    : loaded 2 times (x 72B)
Class org.gradle.internal.classpath.DefaultClassPath                                  : loaded 2 times (x 88B)
Class com.google.common.base.AbstractIterator                                         : loaded 2 times (x 78B)
Class org.objectweb.asm.Symbol                                                        : loaded 2 times (x 71B)
Class com.google.common.base.CharMatcher$Ascii                                        : loaded 2 times (x 110B)
Class com.google.common.base.CharMatcher$BitSetMatcher                                : loaded 2 times (x 110B)
Class com.google.common.collect.RegularImmutableMap$Values                            : loaded 2 times (x 205B)
Class com.google.common.collect.ImmutableSet                                          : loaded 2 times (x 143B)
Class org.gradle.internal.classloader.ClassLoaderSpec                                 : loaded 2 times (x 69B)
Class org.objectweb.asm.AnnotationWriter                                              : loaded 2 times (x 77B)
Class com.google.common.cache.CacheStats                                              : loaded 2 times (x 69B)
Class org.objectweb.asm.RecordComponentWriter                                         : loaded 2 times (x 76B)
Class com.google.common.util.concurrent.AbstractFuture$Listener                       : loaded 2 times (x 70B)
Class com.google.common.base.CharMatcher$Or                                           : loaded 2 times (x 110B)
Class Settings_gradle$1$1                                                             : loaded 2 times (x 72B)
Class org.objectweb.asm.Attribute                                                     : loaded 2 times (x 75B)
Class com.google.common.base.Supplier                                                 : loaded 2 times (x 68B)
Class org.gradle.internal.classloader.VisitableURLClassLoader                         : loaded 2 times (x 115B)
Class com.google.common.collect.ImmutableList$SerializedForm                          : loaded 2 times (x 71B)
Class com.google.common.util.concurrent.AbstractFuture$Waiter                         : loaded 2 times (x 70B)
Class Settings_gradle                                                                 : loaded 2 times (x 126B)
Class org.gradle.internal.Cast                                                        : loaded 2 times (x 69B)
Class org.gradle.api.Action                                                           : loaded 2 times (x 68B)
Class com.google.common.base.Strings                                                  : loaded 2 times (x 69B)
Class com.google.common.collect.Sets                                                  : loaded 2 times (x 69B)
Class org.objectweb.asm.Handler                                                       : loaded 2 times (x 70B)
Class com.google.common.base.Ticker                                                   : loaded 2 times (x 70B)
Class com.google.common.base.CharMatcher$FastMatcher                                  : loaded 2 times (x 109B)
Class [Lcom.google.common.cache.LocalCache$Segment;                                   : loaded 2 times (x 67B)
Class [Lcom.google.common.cache.LocalCache$Strength;                                  : loaded 2 times (x 67B)
Class com.google.common.cache.CacheBuilder$1                                          : loaded 2 times (x 83B)
Class com.google.common.base.Predicate                                                : loaded 2 times (x 68B)
Class com.google.common.collect.ImmutableMap                                          : loaded 2 times (x 118B)
Class org.gradle.internal.classpath.DefaultClassPath$ImmutableUniqueList$Builder      : loaded 2 times (x 73B)
Class com.google.common.collect.AbstractRangeSet                                      : loaded 2 times (x 112B)
Class com.google.common.cache.LocalCache                                              : loaded 2 times (x 185B)
Class com.google.common.cache.CacheBuilder$2                                          : loaded 2 times (x 77B)
Class com.google.common.base.CharMatcher$NegatedFastMatcher                           : loaded 2 times (x 111B)
Class com.google.common.collect.ArrayListMultimap                                     : loaded 2 times (x 170B)
Class com.google.common.cache.CacheBuilder$3                                          : loaded 2 times (x 70B)
Class [Lcom.google.common.collect.AbstractMapEntry;                                   : loaded 2 times (x 67B)
Class com.google.common.collect.ImmutableEntry                                        : loaded 2 times (x 80B)
Class org.gradle.api.GradleException                                                  : loaded 2 times (x 80B)
Class com.google.common.collect.CollectPreconditions                                  : loaded 2 times (x 69B)
Class com.google.common.collect.SortedMapDifference                                   : loaded 2 times (x 68B)
Class com.google.common.cache.LocalCache$EntryFactory                                 : loaded 2 times (x 81B)
Class com.google.common.base.Splitter$1$1                                             : loaded 2 times (x 84B)
Class com.google.common.cache.LocalCache$AbstractReferenceEntry                       : loaded 2 times (x 105B)
Class org.gradle.internal.IoActions                                                   : loaded 2 times (x 69B)
Class com.google.common.collect.ImmutableRangeSet$ComplementRanges                    : loaded 2 times (x 205B)
Class org.objectweb.asm.SymbolTable                                                   : loaded 2 times (x 70B)
Class com.google.common.cache.CacheLoader$InvalidCacheLoadException                   : loaded 2 times (x 80B)
Class com.google.common.collect.ImmutableSet$RegularSetBuilderImpl                    : loaded 2 times (x 75B)
Class org.gradle.internal.classloader.SystemClassLoaderSpec                           : loaded 2 times (x 69B)
Class com.google.common.cache.LocalCache$StrongEntry                                  : loaded 2 times (x 106B)
Class com.google.common.util.concurrent.AbstractFuture$TrustedFuture                  : loaded 2 times (x 112B)
Class com.google.common.cache.LoadingCache                                            : loaded 2 times (x 68B)
Class org.objectweb.asm.MethodWriter                                                  : loaded 2 times (x 104B)
Class [Lcom.google.common.cache.Weigher;                                              : loaded 2 times (x 67B)
Class com.google.common.collect.RegularImmutableMap$BucketOverflowException           : loaded 2 times (x 80B)
Class com.google.common.collect.RegularImmutableBiMap                                 : loaded 2 times (x 147B)
Class com.google.common.cache.LocalCache$ValueReference                               : loaded 2 times (x 68B)
Class com.google.common.base.CharMatcher$Negated                                      : loaded 2 times (x 111B)
Class com.google.common.base.CharMatcher$Is                                           : loaded 2 times (x 109B)
Class com.google.common.base.PatternCompiler                                          : loaded 2 times (x 68B)
Class com.google.common.util.concurrent.AbstractFuture$Failure                        : loaded 2 times (x 70B)
Class com.google.common.base.Equivalence$Equals                                       : loaded 2 times (x 80B)
Class com.google.common.collect.Hashing                                               : loaded 2 times (x 69B)
Class com.google.common.base.Preconditions                                            : loaded 2 times (x 69B)
Class com.google.common.collect.ImmutableSetMultimap                                  : loaded 2 times (x 178B)
Class com.google.common.base.Joiner$1                                                 : loaded 2 times (x 78B)
Class org.objectweb.asm.Label                                                         : loaded 2 times (x 71B)
Class org.objectweb.asm.CurrentFrame                                                  : loaded 2 times (x 71B)
Class org.objectweb.asm.ClassTooLargeException                                        : loaded 2 times (x 81B)
Class com.google.common.base.CharMatcher                                              : loaded 2 times (x 109B)
Class com.google.common.collect.PeekingIterator                                       : loaded 2 times (x 68B)
Class com.google.common.collect.RangeGwtSerializationDependencies                     : loaded 2 times (x 69B)
Class com.google.common.base.Joiner$2                                                 : loaded 2 times (x 77B)
Class org.objectweb.asm.Frame                                                         : loaded 2 times (x 71B)
Class org.objectweb.asm.MethodVisitor                                                 : loaded 2 times (x 103B)
Class com.google.common.cache.LocalCache$EntryFactory$1                               : loaded 2 times (x 81B)
Class [Lcom.google.common.cache.RemovalListener;                                      : loaded 2 times (x 67B)
Class com.google.common.base.CharMatcher$1                                            : loaded 2 times (x 111B)
Class com.google.common.base.CharMatcher$NamedFastMatcher                             : loaded 2 times (x 110B)
Class com.google.common.collect.RangeSet                                              : loaded 2 times (x 68B)
Class com.google.common.cache.LocalCache$EntryFactory$2                               : loaded 2 times (x 81B)
Class org.gradle.api.internal.classpath.GlobalCacheRootsProvider                      : loaded 2 times (x 68B)
Class com.google.common.collect.CollectCollectors                                     : loaded 2 times (x 69B)
Class org.objectweb.asm.ModuleWriter                                                  : loaded 2 times (x 80B)
Class com.google.common.cache.LocalCache$EntryFactory$3                               : loaded 2 times (x 81B)
Class com.google.common.base.Ticker$1                                                 : loaded 2 times (x 70B)
Class com.google.common.collect.Maps$BiMapConverter                                   : loaded 2 times (x 88B)
Class com.google.common.collect.ImmutableMapEntrySet$RegularEntrySet                  : loaded 2 times (x 150B)
Class com.google.common.collect.SetMultimap                                           : loaded 2 times (x 68B)
Class com.google.common.cache.LocalCache$EntryFactory$4                               : loaded 2 times (x 81B)
Class com.google.common.base.CharMatcher$InRange                                      : loaded 2 times (x 109B)
Class com.google.common.collect.ImmutableSet$Builder                                  : loaded 2 times (x 83B)
Class com.google.common.cache.LocalCache$EntryFactory$5                               : loaded 2 times (x 81B)
Class com.google.common.base.PairwiseEquivalence                                      : loaded 2 times (x 81B)
Class com.google.common.cache.LocalCache$EntryFactory$6                               : loaded 2 times (x 81B)
Class ijKotlinCoroutineJvmDebugInit1_dbc8tjkza02da6jm5mrt392f$_run_closure1           : loaded 2 times (x 137B)
Class org.gradle.internal.installation.CurrentGradleInstallationLocator               : loaded 2 times (x 69B)
Class com.google.common.collect.Maps$KeySet                                           : loaded 2 times (x 135B)
Class com.google.common.cache.LocalCache$EntryFactory$7                               : loaded 2 times (x 81B)
Class com.google.common.collect.ImmutableSet$EmptySetBuilderImpl                      : loaded 2 times (x 74B)
Class com.google.common.collect.ImmutableList                                         : loaded 2 times (x 204B)
Class org.gradle.internal.service.DefaultServiceLocator                               : loaded 2 times (x 81B)
Class com.google.common.cache.LocalCache$EntryFactory$8                               : loaded 2 times (x 81B)
Class com.google.common.collect.ImmutableSet$SetBuilderImpl                           : loaded 2 times (x 74B)
Class ijKotlinCoroutineJvmDebugInit1_dbc8tjkza02da6jm5mrt392f$_run_closure1$_closure2 : loaded 2 times (x 137B)
Class org.gradle.internal.installation.CurrentGradleInstallation                      : loaded 2 times (x 71B)
Class com.google.common.cache.CacheLoader$1                                           : loaded 2 times (x 73B)
Class com.google.common.collect.ImmutableList$SubList                                 : loaded 2 times (x 207B)
Class org.gradle.util.internal.GUtil                                                  : loaded 2 times (x 69B)
Class com.google.common.util.concurrent.AbstractFuture$SetFuture                      : loaded 2 times (x 73B)
Class com.google.common.cache.AbstractCache$StatsCounter                              : loaded 2 times (x 68B)
Class com.google.common.collect.Iterators$MergingIterator                             : loaded 2 times (x 79B)
Class com.google.common.collect.RegularImmutableSet                                   : loaded 2 times (x 147B)
Class org.gradle.internal.installation.GradleInstallation                             : loaded 2 times (x 73B)
Class com.google.common.base.Splitter$Strategy                                        : loaded 2 times (x 68B)
Class com.google.common.collect.ElementTypesAreNonnullByDefault                       : loaded 2 times (x 68B)
Class com.google.common.collect.Iterables                                             : loaded 2 times (x 69B)

---------------  S Y S T E M  ---------------

OS:
 Windows 11 , 64 bit Build 26100 (10.0.26100.6725)
OS uptime: 6 days 13:57 hours
Hyper-V role detected

CPU: total 12 (initial active 12) (12 cores per cpu, 2 threads per core) family 23 model 104 stepping 1 microcode 0x8608103, cx8, cmov, fxsr, ht, mmx, 3dnowpref, sse, sse2, sse3, ssse3, sse4a, sse4.1, sse4.2, popcnt, lzcnt, tsc, tscinvbit, avx, avx2, aes, clmul, bmi1, bmi2, adx, sha, fma, vzeroupper, clflush, clflushopt, hv, rdtscp, rdpid, f16c
Processor Information for the first 12 processors :
  Max Mhz: 2100, Current Mhz: 1686, Mhz Limit: 2100

Memory: 4k page, system-wide physical 5989M (566M free)
TotalPageFile size 24421M (AvailPageFile size 4M)
current process WorkingSet (physical memory assigned to process): 410M, peak: 410M
current process commit charge ("private bytes"): 581M, peak: 583M

vm_info: OpenJDK 64-Bit Server VM (21.0.7+-13880790-b1038.58) for windows-amd64 JRE (21.0.7+-13880790-b1038.58), built on 2025-08-04T20:56:21Z by "builder" with MS VC++ 16.10 / 16.11 (VS2019)

END.
